"0","1"
"0","0"
"0","2"
"0","2"
"0","0"
"0","3"
"0","0"
"0","0"
"0","4"
"0","1"
"0","2"
"0","5"
"0","5"
"0","1"
"0","1"
"0","0"
"0","3"
"0","1"
"0","3"
"0","3"
"0","2"
"0","2"
"0","1"
"0","1"
"0","4"
"0","0"
"0","1"
"0","2"
"0","0"
"0","1"
"0","2"
"0","0"
"0","2"
"0","2"
"0","6"
"0","0"
"0","1"
"0","4"
"0","2"
"0","1"
"0","2"
"0","2"
"0","1"
"0","2"
"0","1"
"0","3"
"0","2"
"0","1"
"0","1"
"0","2"
"0","2"
"0","2"
"0","2"
"0","0"
"0","1"
"0","1"
"0","1"
"0","2"
"0","0"
"0","1"
"0","1"
"0","1"
"0","0"
"0","1"
"0","2"
"0","0"
"0","2"
"0","7"
"0","2"
"0","2"
"0","2"
"0","2"
"0","1"
"0","0"
"0","0"
"0","0"
"0","2"
"0","1"
"0","2"
"0","0"
"0","0"
"0","0"
"0","2"
"0","0"
"0","0"
"0","3"
"0","0"
"0","1"
"0","0"
"0","4"
"0","4"
"0","0"
"0","0"
"0","1"
"0","0"
"0","1"
"0","0"
"0","0"
"0","2"
"0","1"
"0","1"
"0","0"
"0","2"
"0","1"
"0","1"
"0","2"
"0","0"
"0","1"
"0","2"
"0","1"
"0","1"
"0","2"
"0","0"
"0","0"
"0","1"
"0","0"
"0","1"
"0","1"
"0","1"
"0","2"
"0","0"
"0","1"
"0","0"
"0","3"
"0","0"
"0","2"
"0","4"
"0","8"
"0","1"
"0","2"
"0","0"
"0","0"
"0","2"
"0","0"
"0","3"
"0","2"
"0","1"
"0","1"
"0","9"
"0","2"
"0","0"
"0","0"
"0","3"
"0","0"
"0","1"
"0","0"
"0","8"
"0","3"
"0","1"
"0","2"
"0","1"
"0","2"
"0","0"
"0","0"
"0","1"
"0","0"
"0","0"
"0","0"
"0","1"
"0","0"
"0","0"
"0","2"
"0","3"
"0","2"
"0","0"
"0","1"
"0","3"
"0","4"
"0","1"
"0","1"
"0","1"
"0","2"
"0","1"
"0","2"
"0","0"
"0","2"
"0","2"
"0","0"
"0","0"
"0","1"
"0","1"
"0","0"
"0","2"
"0","0"
"0","1"
"0","0"
"0","2"
"0","2"
"0","1"
"0","0"
"0","0"
"0","0"
"0","1"
"0","1"
"0","0"
"0","1"
"0","2"
"0","2"
"0","1"
"0","2"
"0","2"
"0","0"
"0","2"
"0","0"
"0","2"
"0","2"
"0","0"
"0","6"
"0","1"
"0","2"
"0","0"
"0","0"
"0","0"
"0","1"
"0","2"
"0","2"
"0","2"
"0","1"
"0","2"
"0","7"
"0","0"
"0","0"
"0","2"
"0","2"
"0","1"
"0","2"
"0","4"
"0","4"
"0","4"
"0","1"
"0","1"
"0","11"
"0","0"
"0","0"
"0","1"
"0","1"
"0","2"
"0","0"
"0","0"
"0","0"
"0","0"
"0","1"
"0","1"
"0","1"
"0","1"
"0","7"
"0","2"
"0","4"
"0","2"
"0","0"
"0","2"
"0","2"
"0","7"
"0","0"
"0","0"
"0","2"
"0","1"
"0","2"
"0","3"
"0","3"
"0","0"
"0","2"
"0","0"
"0","1"
"0","0"
"0","1"
"0","4"
"0","0"
"0","1"
"0","0"
"0","1"
"0","2"
"0","0"
"0","1"
"0","2"
"0","0"
"0","0"
"0","2"
"0","2"
"0","1"
"0","0"
"0","1"
"0","1"
"0","1"
"0","0"
"0","1"
"0","0"
"0","4"
"0","2"
"0","2"
"0","0"
"0","0"
"0","1"
"0","0"
"0","1"
"0","2"
"0","1"
"0","1"
"0","1"
"0","0"
"0","0"
"0","0"
"0","1"
"0","2"
"0","1"
"0","2"
"0","1"
"0","2"
"0","1"
"0","0"
"0","0"
"0","0"
"0","1"
"0","1"
"0","3"
"0","1"
"0","1"
"0","2"
"0","8"
"0","2"
"0","2"
"0","1"
"0","1"
"0","0"
"0","2"
"0","2"
"0","0"
"0","0"
"0","0"
"0","2"
"0","3"
"0","2"
"0","1"
"0","0"
"0","3"
"0","0"
"0","2"
"0","1"
"0","2"
"0","1"
"0","4"
"0","0"
"0","2"
"0","2"
"0","3"
"0","0"
"0","2"
"0","0"
"0","1"
"0","0"
"0","2"
"0","4"
"0","1"
"0","1"
"0","1"
"0","0"
"0","2"
"0","1"
"0","1"
"0","1"
"0","2"
"0","1"
"0","2"
"0","0"
"0","1"
"0","1"
"0","0"
"0","2"
"0","1"
"0","3"
"0","0"
"0","2"
"0","2"
"0","1"
"0","1"
"0","1"
"0","1"
"0","2"
"0","2"
"0","0"
"0","0"
"0","1"
"0","0"
"0","2"
"0","2"
"0","2"
"0","0"
"0","2"
"0","3"
"0","4"
"0","3"
"0","0"
"0","2"
"0","0"
"0","2"
"0","1"
"0","0"
"0","2"
"0","2"
"0","2"
"0","1"
"0","1"
"0","2"
"0","0"
"0","1"
"0","4"
"0","0"
"0","0"
"0","1"
"0","0"
"0","2"
"0","0"
"0","1"
"0","2"
"0","1"
"0","0"
"0","2"
"0","2"
"0","2"
"0","2"
"0","0"
"0","9"
"0","2"
"0","2"
"0","0"
"0","2"
"0","0"
"0","0"
"0","9"
"0","2"
"0","8"
"0","2"
"0","1"
"0","2"
"0","3"
"0","3"
"0","0"
"0","1"
"0","1"
"0","1"
"0","1"
"0","2"
"0","1"
"0","0"
"0","0"
"0","2"
"0","0"
"0","2"
"0","2"
"0","0"
"0","2"
"0","4"
"0","1"
"0","2"
"0","1"
"0","1"
"0","2"
"0","2"
"0","2"
"0","2"
"0","0"
"0","2"
"0","2"
"0","2"
"0","0"
"0","2"
"0","0"
"0","0"
"0","1"
"0","1"
"0","1"
"0","2"
"0","0"
"0","0"
"0","2"
"0","1"
"0","2"
"0","0"
"0","0"
"0","0"
"0","2"
"0","0"
"0","1"
"0","0"
"0","0"
"0","3"
"0","0"
"0","6"
"0","0"
"0","1"
"0","1"
"0","0"
"0","0"
"0","0"
"0","4"
"0","1"
"0","2"
"0","1"
"0","0"
"0","0"
"0","0"
"0","2"
"0","1"
"0","2"
"0","0"
"0","2"
"0","0"
"0","3"
"0","1"
"0","0"
"0","1"
"0","1"
"0","1"
"0","0"
"0","2"
"0","0"
"0","3"
"0","0"
"0","1"
"0","2"
"0","2"
"0","1"
"0","2"
"0","0"
"0","0"
"0","2"
"0","1"
"0","1"
"0","0"
"0","0"
"0","0"
"0","1"
"0","0"
"0","0"
"0","1"
"0","1"
"0","0"
"0","3"
"0","1"
"0","1"
"0","2"
"0","2"
"0","2"
"0","2"
"0","0"
"0","2"
"0","0"
"0","1"
"0","1"
"0","2"
"0","0"
"0","2"
"0","1"
"0","1"
"0","2"
"0","1"
"0","0"
"0","1"
"0","2"
"0","1"
"0","2"
"0","2"
"0","0"
"0","1"
"0","2"
"0","0"
"0","2"
"0","2"
"0","1"
"0","0"
"0","2"
"0","1"
"0","0"
"0","2"
"0","1"
"0","0"
"0","2"
"0","0"
"0","0"
"0","2"
"0","1"
"0","1"
"0","1"
"0","0"
"0","2"
"0","6"
"0","2"
"0","0"
"0","1"
"0","0"
"0","0"
"0","1"
"0","1"
"0","1"
"0","0"
"0","2"
"0","2"
"0","0"
"0","0"
"0","4"
"0","2"
"0","2"
"0","3"
"0","0"
"0","2"
"0","2"
"0","2"
"0","1"
"0","2"
"0","2"
"0","2"
"0","1"
"0","2"
"0","2"
"0","2"
"0","1"
"0","2"
"0","2"
"0","1"
"0","1"
"0","0"
"0","1"
"0","1"
"0","1"
"0","2"
"0","2"
"0","1"
"0","1"
"0","5"
"0","1"
"0","0"
"0","4"
"0","2"
"0","2"
"0","0"
"0","0"
"0","1"
"0","1"
"0","2"
"0","1"
"0","4"
"0","1"
"0","1"
"0","1"
"0","2"
"0","0"
"0","0"
"0","4"
"0","0"
"0","0"
"0","1"
"0","1"
"0","2"
"0","0"
"0","0"
"0","1"
"0","1"
"0","1"
"0","0"
"0","3"
"0","1"
"0","3"
"0","1"
"0","0"
"0","0"
"0","0"
"0","1"
"0","1"
"0","1"
"0","0"
"0","2"
"0","0"
"0","1"
"0","1"
"0","3"
"0","2"
"0","2"
"0","2"
"0","0"
"0","0"
"0","2"
"0","0"
"0","1"
"0","1"
"0","2"
"0","0"
"0","4"
"0","0"
"0","2"
"0","2"
"0","1"
"0","0"
"0","2"
"0","2"
"0","0"
"0","2"
"0","1"
"0","0"
"0","0"
"0","0"
"0","2"
"0","3"
"0","2"
"0","1"
"0","1"
"0","4"
"0","2"
"0","1"
"0","2"
"0","2"
"0","2"
"0","0"
"0","0"
"0","2"
"0","2"
"0","1"
"0","1"
"0","4"
"0","2"
"0","2"
"0","0"
"0","2"
"0","0"
"0","1"
"0","1"
"0","1"
"0","7"
"0","0"
"0","2"
"0","1"
"0","0"
"0","0"
"0","1"
"0","2"
"0","1"
"0","1"
"0","0"
"0","1"
"0","1"
"0","0"
"0","1"
"0","0"
"0","0"
"0","0"
"0","0"
"0","2"
"0","2"
"0","0"
"0","0"
"0","2"
"0","1"
"0","4"
"0","1"
"0","2"
"0","0"
"0","1"
"0","2"
"0","6"
"0","0"
"0","1"
"0","3"
"0","1"
"0","2"
"0","0"
"0","2"
"0","0"
"0","2"
"0","1"
"0","0"
"0","2"
"0","7"
"0","4"
"0","2"
"0","1"
"0","1"
"0","2"
"0","1"
"0","1"
"0","1"
"0","2"
"0","1"
"0","2"
"0","2"
"0","3"
"0","2"
"0","0"
"0","0"
"0","1"
"0","1"
"0","4"
"0","4"
"0","0"
"0","0"
"0","1"
"0","0"
"0","1"
"0","1"
"0","0"
"0","0"
"0","1"
"0","0"
"0","2"
"0","2"
"0","2"
"0","2"
"0","2"
"0","2"
"0","2"
"0","1"
"0","0"
"0","0"
"0","1"
"0","2"
"0","2"
"0","0"
"0","3"
"0","1"
"0","0"
"0","1"
"0","1"
"0","1"
"0","0"
"1","2"
"1","0"
"1","1"
"1","1"
"1","1"
"1","0"
"1","0"
"1","0"
"1","2"
"1","4"
"1","6"
"1","4"
"1","1"
"1","2"
"1","6"
"1","5"
"1","1"
"1","2"
"1","1"
"1","0"
"1","1"
"1","1"
"1","1"
"1","0"
"1","2"
"1","6"
"1","0"
"1","0"
"1","7"
"1","2"
"1","0"
"1","2"
"1","2"
"1","6"
"1","1"
"1","7"
"1","6"
"1","2"
"1","0"
"1","2"
"1","2"
"1","1"
"1","1"
"1","2"
"1","2"
"1","1"
"1","2"
"1","11"
"1","1"
"1","0"
"1","12"
"1","1"
"1","0"
"1","11"
"1","2"
"1","0"
"1","6"
"1","0"
"1","1"
"1","4"
"1","14"
"1","7"
"1","2"
"1","0"
"1","1"
"1","0"
"1","1"
"1","4"
"1","1"
"1","1"
"1","4"
"1","1"
"1","1"
"1","2"
"1","0"
"1","1"
"1","2"
"1","2"
"1","2"
"1","2"
"1","1"
"1","0"
"1","2"
"1","5"
"1","2"
"1","0"
"1","4"
"1","2"
"1","6"
"1","0"
"1","7"
"1","1"
"1","6"
"1","0"
"1","0"
"1","0"
"1","5"
"1","3"
"1","2"
"1","0"
"1","2"
"1","12"
"1","0"
"1","7"
"1","1"
"1","0"
"1","3"
"1","2"
"1","6"
"1","0"
"1","0"
"1","1"
"1","0"
"1","0"
"1","1"
"1","5"
"1","1"
"1","1"
"1","7"
"1","2"
"1","0"
"1","2"
"1","5"
"1","7"
"1","3"
"1","0"
"1","5"
"1","4"
"1","1"
"1","1"
"1","0"
"1","0"
"1","0"
"1","2"
"1","6"
"1","1"
"1","2"
"1","1"
"1","1"
"1","7"
"1","0"
"1","7"
"1","2"
"1","0"
"1","0"
"1","0"
"1","0"
"1","0"
"1","2"
"1","2"
"1","11"
"1","1"
"1","0"
"1","0"
"1","4"
"1","0"
"1","1"
"1","2"
"1","1"
"1","1"
"1","1"
"1","1"
"1","7"
"1","5"
"1","4"
"1","3"
"1","1"
"1","2"
"1","0"
"1","0"
"1","4"
"1","2"
"1","4"
"1","2"
"1","1"
"1","0"
"1","2"
"1","7"
"1","5"
"1","6"
"1","0"
"1","3"
"1","2"
"1","5"
"1","2"
"1","0"
"1","6"
"1","2"
"1","0"
"1","4"
"1","4"
"1","0"
"1","0"
"1","1"
"1","11"
"1","3"
"1","2"
"1","7"
"1","2"
"1","2"
"1","1"
"1","0"
"1","7"
"1","3"
"1","2"
"1","5"
"1","6"
"1","5"
"1","1"
"1","1"
"1","0"
"1","0"
"1","0"
"1","2"
"1","4"
"1","0"
"1","0"
"1","6"
"1","1"
"1","6"
"1","14"
"1","0"
"1","1"
"1","2"
"1","0"
"1","1"
"1","1"
"1","2"
"1","2"
"1","5"
"1","2"
"1","3"
"1","1"
"1","15"
"1","7"
"1","0"
"1","4"
"1","12"
"1","2"
"1","1"
"1","2"
"1","1"
"1","2"
"1","6"
"1","2"
"1","11"
"1","2"
"1","1"
"1","7"
"1","10"
"1","1"
"1","7"
"1","2"
"1","1"
"1","1"
"1","4"
"1","1"
"1","0"
"1","1"
"1","12"
"1","4"
"1","0"
"1","1"
"1","6"
"1","0"
"1","1"
"1","0"
"1","2"
"1","1"
"1","2"
"1","0"
"1","1"
"1","2"
"1","7"
"1","2"
"1","6"
"1","2"
"1","5"
"1","2"
"1","2"
"1","0"
"1","4"
"1","1"
"1","2"
"1","1"
"1","3"
"1","1"
"1","11"
"1","12"
"1","2"
"1","1"
"1","1"
"1","0"
"1","0"
"1","7"
"1","0"
"1","4"
"1","11"
"1","4"
"1","4"
"1","0"
"1","1"
"1","6"
"1","1"
"1","2"
"1","4"
"1","2"
"1","7"
"1","4"
"1","1"
"1","2"
"1","0"
"1","1"
"1","12"
"1","2"
"1","2"
"1","1"
"1","6"
"1","1"
"1","2"
"1","0"
"1","1"
"1","2"
"1","0"
"1","0"
"1","2"
"1","14"
"1","5"
"1","5"
"1","2"
"1","2"
"1","5"
"1","1"
"1","6"
"1","1"
"1","6"
"1","7"
"1","6"
"1","2"
"1","14"
"1","7"
"1","0"
"1","0"
"1","1"
"1","7"
"1","14"
"1","12"
"1","0"
"1","1"
"1","12"
"1","4"
"1","0"
"1","0"
"1","0"
"1","1"
"1","2"
"1","1"
"1","1"
"1","11"
"1","2"
"1","0"
"1","2"
"1","1"
"1","1"
"1","2"
"1","6"
"1","1"
"1","1"
"1","10"
"1","4"
"1","0"
"1","2"
"1","2"
"1","4"
"1","4"
"1","1"
"1","1"
"1","3"
"1","2"
"1","0"
"1","0"
"1","2"
"1","4"
"1","4"
"1","5"
"1","1"
"1","11"
"1","0"
"1","0"
"1","13"
"1","1"
"1","3"
"1","2"
"1","0"
"1","6"
"1","4"
"1","1"
"1","11"
"1","2"
"1","2"
"1","2"
"1","0"
"1","2"
"1","1"
"1","0"
"1","2"
"1","1"
"1","0"
"1","1"
"1","5"
"1","2"
"1","5"
"1","1"
"1","4"
"1","5"
"1","1"
"1","0"
"1","3"
"1","2"
"1","0"
"1","1"
"1","0"
"1","7"
"1","1"
"1","1"
"1","1"
"1","7"
"1","2"
"1","2"
"1","6"
"1","2"
"1","7"
"1","6"
"1","0"
"1","2"
"1","1"
"1","12"
"1","4"
"1","1"
"1","2"
"1","2"
"1","11"
"1","2"
"1","2"
"1","11"
"1","0"
"1","0"
"1","6"
"1","0"
"1","11"
"1","1"
"1","0"
"1","4"
"1","1"
"1","7"
"1","0"
"1","7"
"1","1"
"1","1"
"1","2"
"1","0"
"1","2"
"1","1"
"1","1"
"1","6"
"1","1"
"1","2"
"1","1"
"1","1"
"1","1"
"1","6"
"1","0"
"1","4"
"1","2"
"1","2"
"1","1"
"1","1"
"1","2"
"1","0"
"1","11"
"1","1"
"1","1"
"1","0"
"1","1"
"1","6"
"1","4"
"1","2"
"1","1"
"1","1"
"1","1"
"1","0"
"1","2"
"1","5"
"1","6"
"1","1"
"1","6"
"1","5"
"1","1"
"1","7"
"1","6"
"1","0"
"1","0"
"1","2"
"1","0"
"1","2"
"1","1"
"1","1"
"1","2"
"1","0"
"1","1"
"1","6"
"1","11"
"1","4"
"1","12"
"1","3"
"1","6"
"1","0"
"1","11"
"1","0"
"1","1"
"1","6"
"1","2"
"1","1"
"1","0"
"1","0"
"1","2"
"1","1"
"1","1"
"1","7"
"1","2"
"1","7"
"1","6"
"1","12"
"1","1"
"1","7"
"1","1"
"1","0"
"1","2"
"1","5"
"1","2"
"1","2"
"1","0"
"1","4"
"1","6"
"1","11"
"1","2"
"1","0"
"1","12"
"1","2"
"1","2"
"1","4"
"1","5"
"1","1"
"1","1"
"1","7"
"1","7"
"1","1"
"1","2"
"1","1"
"1","0"
"1","3"
"1","6"
"1","5"
"1","0"
"1","5"
"1","4"
"1","2"
"1","2"
"1","1"
"1","1"
"1","4"
"1","0"
"1","1"
"1","7"
"1","11"
"1","0"
"1","1"
"1","11"
"1","2"
"1","2"
"1","0"
"1","0"
"1","2"
"1","14"
"1","2"
"1","1"
"1","0"
"1","5"
"1","0"
"1","4"
"1","4"
"1","1"
"1","0"
"1","6"
"1","0"
"1","0"
"1","6"
"1","2"
"1","1"
"1","3"
"1","2"
"1","6"
"1","0"
"1","1"
"1","2"
"1","0"
"1","1"
"1","0"
"1","2"
"1","0"
"1","2"
"1","1"
"1","0"
"1","1"
"1","0"
"1","4"
"1","6"
"1","2"
"1","0"
"1","3"
"1","2"
"1","11"
"1","0"
"1","1"
"1","4"
"1","0"
"1","2"
"1","1"
"1","0"
"1","3"
"1","4"
"1","6"
"1","5"
"1","7"
"1","1"
"1","1"
"1","2"
"1","2"
"1","1"
"1","1"
"1","0"
"1","1"
"1","1"
"1","1"
"1","3"
"1","4"
"1","0"
"1","7"
"1","2"
"1","2"
"1","0"
"1","1"
"1","1"
"1","4"
"1","1"
"1","11"
"1","6"
"1","2"
"1","0"
"1","3"
"1","0"
"1","1"
"1","1"
"1","4"
"1","1"
"1","0"
"1","1"
"1","2"
"1","6"
"1","6"
"1","0"
"1","1"
"1","0"
"1","2"
"1","3"
"1","5"
"1","1"
"1","1"
"1","2"
"1","5"
"1","15"
"1","4"
"1","1"
"1","2"
"1","4"
"1","2"
"1","1"
"1","2"
"1","6"
"1","6"
"1","1"
"1","1"
"1","0"
"1","0"
"1","0"
"1","5"
"1","1"
"1","2"
"1","1"
"1","1"
"1","1"
"1","4"
"1","0"
"1","6"
"1","1"
"1","2"
"1","2"
"1","1"
"1","0"
"1","1"
"1","1"
"1","0"
"1","0"
"1","2"
"1","1"
"1","2"
"1","0"
"1","1"
"1","0"
"1","2"
"1","1"
"1","1"
"1","2"
"1","1"
"1","2"
"1","1"
"1","2"
"1","1"
"1","0"
"1","2"
"1","5"
"1","1"
"1","9"
"1","5"
"1","7"
"1","2"
"1","2"
"1","1"
"1","2"
"1","4"
"1","6"
"1","0"
"1","1"
"1","2"
"1","2"
"1","7"
"1","6"
"1","0"
"1","2"
"1","0"
"1","12"
"1","0"
"1","2"
"1","0"
"1","0"
"1","0"
"1","12"
"1","4"
"1","0"
"1","0"
"1","0"
"1","7"
"1","0"
"1","1"
"1","0"
"1","1"
"1","2"
"1","1"
"1","1"
"1","0"
"1","2"
"1","0"
"1","1"
"1","0"
"1","6"
"1","4"
"1","1"
"1","4"
"1","0"
"1","1"
"1","7"
"1","2"
"1","10"
"1","4"
"1","0"
"1","2"
"1","1"
"1","0"
"1","4"
"1","7"
"1","6"
"1","1"
"1","5"
"1","2"
"1","1"
"1","7"
"1","2"
"1","0"
"1","0"
"1","2"
"1","2"
"1","6"
"1","1"
"1","2"
"1","2"
"1","0"
"1","1"
"1","0"
"1","1"
"1","2"
"1","1"
"1","0"
"1","1"
"1","0"
"1","0"
"1","7"
"1","4"
"1","7"
"1","5"
"1","2"
"1","0"
"1","2"
"1","0"
"1","12"
"1","5"
"1","0"
"1","1"
"1","1"
"1","7"
"1","0"
"1","1"
"1","2"
"1","1"
"1","0"
"1","11"
"1","6"
"1","5"
"1","1"
"1","0"
"1","0"
"1","1"
"1","2"
"1","0"
"1","0"
"1","6"
"1","7"
"1","1"
"1","2"
"1","0"
"1","2"
"1","4"
"1","0"
"1","2"
"1","2"
"1","12"
"1","2"
"1","7"
"1","0"
"1","4"
"1","0"
"1","1"
"1","1"
"1","1"
"1","2"
"1","0"
"1","5"
"1","0"
"1","0"
"1","2"
"1","1"
"1","6"
"1","6"
"1","1"
"1","2"
"1","0"
"1","2"
"1","0"
"1","1"
"1","1"
"1","15"
"1","3"
"1","2"
"1","16"
"1","7"
"1","7"
"1","0"
"1","2"
"1","11"
"1","4"
"1","12"
"1","4"
"1","5"
"1","1"
"1","3"
"1","0"
"1","4"
"1","0"
"1","2"
"1","0"
"1","0"
"1","1"
"1","1"
"1","2"
"1","0"
"1","2"
"1","1"
"1","6"
"1","6"
"1","0"
"1","1"
"1","5"
"1","5"
"1","4"
"1","5"
"1","6"
"1","0"
"1","2"
"1","3"
"1","6"
"1","1"
"1","7"
"1","2"
"1","5"
"1","1"
"1","0"
"1","2"
"1","6"
"1","2"
"1","2"
"1","0"
"1","0"
"1","7"
"1","6"
"1","5"
"1","9"
"1","0"
"1","2"
"1","2"
"1","2"
"1","0"
"1","0"
"1","5"
"1","3"
"1","1"
"1","0"
"1","1"
"1","0"
"1","4"
"1","7"
"1","0"
"1","1"
"1","2"
"1","4"
"1","3"
"1","0"
"1","6"
"1","0"
"1","14"
"1","0"
"1","1"
"1","7"
"1","14"
"1","2"
"1","0"
"1","4"
"1","14"
"1","1"
"1","3"
"1","1"
"1","1"
"1","0"
"1","2"
"1","1"
"1","7"
"1","0"
"1","5"
"1","4"
"1","2"
"1","11"
"1","2"
"1","7"
"1","6"
"1","0"
"1","1"
"1","1"
"1","7"
"1","0"
"1","1"
"1","0"
"1","0"
"1","2"
"1","1"
"1","1"
"1","1"
"1","7"
"1","4"
"1","0"
"1","0"
"1","6"
"1","6"
"1","0"
"1","1"
"1","12"
"1","1"
"1","1"
"1","7"
"1","0"
"1","7"
"1","1"
"1","4"
"1","7"
"1","1"
"1","0"
"1","4"
"1","0"
"1","3"
"1","2"
"1","0"
"1","1"
"1","6"
"1","1"
"1","1"
"1","0"
"1","1"
"1","12"
"1","2"
"1","7"
"1","2"
"1","1"
"1","2"
"1","2"
"1","1"
"1","1"
"1","2"
"1","2"
"1","0"
"1","0"
"1","4"
"1","0"
"1","0"
"1","0"
"1","2"
"1","1"
"1","2"
"1","2"
"1","1"
"1","2"
"1","4"
"1","1"
"1","0"
"1","1"
"1","2"
"1","2"
"1","7"
"1","0"
"1","2"
"1","1"
"1","0"
"1","1"
"1","10"
"1","14"
"1","4"
"1","2"
"1","1"
"1","4"
"1","0"
"1","2"
"1","0"
"1","3"
"1","1"
"1","0"
"1","6"
"1","2"
"1","0"
"1","6"
"1","1"
"1","2"
"1","1"
"1","4"
"1","1"
"1","1"
"1","1"
"1","2"
"1","1"
"1","2"
"1","0"
"1","9"
"1","1"
"1","1"
"1","1"
"1","4"
"1","6"
"1","0"
"1","1"
"1","0"
"1","1"
"1","2"
"1","1"
"1","5"
"1","1"
"1","5"
"1","0"
"1","2"
"1","4"
"1","3"
"1","2"
"1","1"
"1","5"
"1","4"
"1","2"
"1","0"
"1","5"
"1","2"
"1","7"
"1","7"
"1","1"
"1","2"
"1","7"
"1","4"
"1","2"
"1","15"
"1","2"
"1","2"
"1","1"
"1","0"
"1","12"
"1","1"
"1","2"
"1","0"
"1","12"
"1","7"
"1","0"
"1","1"
"1","4"
"1","2"
"1","11"
"1","2"
"1","2"
"1","0"
"1","1"
"1","3"
"1","11"
"1","2"
"1","1"
"1","1"
"1","0"
"1","0"
"1","4"
"1","0"
"1","2"
"1","6"
"1","0"
"1","0"
"1","2"
"1","2"
"1","4"
"1","1"
"1","0"
"1","2"
"1","2"
"1","2"
"1","2"
"1","2"
"1","4"
"1","0"
"1","7"
"1","5"
"1","11"
"1","2"
"1","4"
"1","6"
"1","2"
"1","1"
"1","0"
"1","0"
"1","2"
"1","0"
"1","0"
"1","2"
"1","0"
"1","2"
"1","0"
"1","4"
"1","2"
"1","0"
"1","1"
"1","0"
"1","2"
"1","1"
"1","1"
"1","5"
"1","2"
"1","7"
"1","4"
"1","6"
"1","1"
"1","3"
"1","0"
"1","0"
"1","2"
"1","2"
"1","4"
"1","5"
"1","4"
"1","2"
"1","1"
"1","2"
"1","5"
"1","12"
"1","14"
"1","14"
"1","4"
"1","7"
"1","12"
"1","1"
"1","1"
"1","1"
"1","3"
"1","0"
"1","5"
"1","1"
"1","2"
"1","2"
"1","2"
"1","2"
"1","0"
"1","0"
"1","2"
"1","10"
"1","1"
"1","9"
"1","0"
"1","2"
"1","7"
"1","0"
"1","4"
"1","7"
"1","0"
"1","7"
"1","10"
"1","0"
"1","0"
"1","4"
"1","2"
"1","6"
"1","1"
"1","2"
"1","1"
"1","2"
"1","1"
"1","1"
"1","2"
"1","1"
"1","1"
"1","1"
"1","5"
"1","1"
"1","2"
"1","5"
"1","2"
"1","2"
"1","11"
"1","1"
"1","6"
"1","0"
"1","1"
"1","2"
"1","2"
"1","1"
"1","15"
"1","7"
"1","0"
"1","2"
"1","0"
"1","0"
"1","4"
"1","4"
"1","6"
"1","2"
"1","1"
"1","1"
"1","4"
"1","1"
"1","0"
"1","5"
"1","1"
"1","6"
"1","0"
"1","1"
"1","6"
"1","1"
"1","2"
"1","14"
"1","1"
"1","3"
"1","1"
"1","2"
"1","4"
"1","0"
"1","5"
"1","2"
"1","2"
"1","4"
"1","2"
"1","0"
"1","7"
"1","5"
"1","5"
"1","0"
"1","1"
"1","1"
"1","11"
"1","2"
"1","0"
"1","1"
"1","0"
"1","2"
"1","3"
"1","0"
"1","0"
"1","2"
"1","4"
"1","0"
"1","1"
"1","7"
"1","0"
"1","0"
"1","0"
"1","7"
"1","1"
"1","2"
"1","7"
"1","6"
"1","1"
"1","7"
"1","0"
"1","7"
"1","0"
"1","2"
"1","2"
"1","0"
"1","2"
"1","1"
"1","6"
"1","0"
"1","0"
"1","1"
"1","1"
"1","4"
"1","0"
"1","1"
"1","0"
"1","4"
"1","2"
"1","12"
"1","1"
"1","2"
"1","0"
"1","2"
"1","2"
"1","5"
"1","2"
"1","2"
"1","0"
"1","2"
"1","4"
"1","1"
"1","4"
"1","0"
"1","2"
"1","2"
"1","2"
"1","6"
"1","0"
"1","7"
"1","11"
"1","2"
"1","4"
"1","1"
"1","15"
"1","3"
"1","1"
"1","1"
"1","5"
"1","4"
"1","1"
"1","2"
"1","1"
"1","2"
"1","2"
"1","0"
"1","2"
"1","1"
"1","2"
"1","2"
"1","0"
"1","0"
"1","2"
"1","4"
"1","6"
"1","3"
"1","1"
"1","2"
"1","4"
"1","2"
"1","4"
"1","2"
"1","0"
"1","4"
"1","9"
"1","6"
"1","2"
"1","0"
"1","0"
"1","1"
"1","2"
"1","2"
"1","2"
"1","1"
"1","2"
"1","4"
"1","2"
"1","7"
"1","0"
"1","0"
"1","11"
"1","2"
"1","2"
"1","5"
"1","0"
"1","0"
"1","0"
"1","1"
"1","0"
"1","1"
"1","7"
"1","2"
"1","2"
"1","2"
"1","6"
"1","7"
"1","4"
"1","4"
"1","1"
"1","1"
"1","1"
"1","1"
"1","5"
"1","2"
"1","6"
"1","1"
"1","5"
"1","1"
"1","2"
"1","0"
"1","6"
"1","2"
"1","0"
"1","0"
"1","1"
"1","2"
"1","2"
"1","1"
"1","1"
"1","0"
"1","1"
"1","0"
"1","1"
"1","7"
"1","2"
"1","3"
"1","7"
"1","2"
"1","2"
"1","1"
"1","6"
"1","4"
"1","1"
"1","7"
"1","1"
"1","0"
"1","0"
"1","0"
"1","2"
"1","0"
"1","2"
"1","2"
"1","7"
"1","1"
"1","2"
"1","4"
"1","2"
"1","0"
"1","0"
"1","2"
"1","2"
"1","4"
"1","1"
"1","14"
"1","2"
"1","1"
"1","0"
"1","0"
"1","1"
"1","4"
"1","2"
"1","1"
"1","1"
"1","0"
"1","5"
"1","2"
"1","0"
"1","6"
"1","2"
"1","2"
"1","0"
"1","6"
"1","0"
"1","2"
"1","6"
"1","7"
"1","6"
"1","2"
"1","6"
"1","0"
"1","1"
"1","0"
"1","15"
"1","1"
"1","2"
"1","6"
"1","1"
"1","4"
"1","1"
"1","1"
"1","4"
"1","0"
"1","1"
"1","6"
"1","2"
"1","0"
"1","7"
"1","1"
"1","2"
"1","2"
"1","2"
"1","0"
"1","0"
"1","0"
"1","12"
"1","1"
"1","6"
"1","0"
"1","2"
"1","4"
"1","11"
"1","11"
"1","3"
"1","0"
"1","2"
"1","2"
"1","4"
"1","6"
"1","1"
"1","2"
"1","1"
"1","2"
"1","1"
"1","0"
"1","6"
"1","1"
"1","2"
"1","12"
"1","4"
"1","4"
"1","3"
"1","0"
"1","0"
"1","1"
"1","1"
"1","5"
"1","1"
"1","0"
"1","0"
"1","0"
"1","5"
"1","2"
"1","0"
"1","2"
"1","4"
"1","0"
"1","4"
"1","1"
"1","6"
"1","2"
"1","0"
"1","2"
"1","0"
"1","1"
"1","0"
"1","6"
"1","0"
"1","2"
"1","0"
"1","1"
"1","1"
"1","2"
"1","0"
"1","7"
"1","0"
"1","4"
"1","2"
"1","0"
"1","0"
"1","0"
"1","0"
"1","4"
"1","1"
"1","2"
"1","2"
"1","12"
"1","2"
"1","6"
"1","1"
"1","7"
"1","2"
"1","2"
"1","1"
"1","2"
"1","0"
"1","2"
"1","0"
"1","1"
"1","1"
"1","2"
"1","12"
"1","0"
"1","0"
"1","0"
"1","1"
"1","4"
"1","3"
"1","2"
"1","2"
"1","2"
"1","1"
"1","0"
"1","12"
"1","0"
"1","0"
"1","2"
"1","4"
"1","7"
"1","0"
"1","4"
"1","0"
"1","1"
"1","1"
"1","2"
"1","0"
"1","2"
"1","1"
"1","1"
"1","7"
"1","2"
"1","2"
"1","0"
"1","1"
"1","2"
"1","14"
"1","0"
"1","1"
"1","11"
"1","1"
"1","2"
"1","4"
"1","0"
"1","2"
"1","1"
"1","2"
"1","1"
"1","3"
"1","9"
"1","12"
"1","2"
"1","0"
"1","0"
"1","3"
"1","0"
"1","1"
"1","0"
"1","4"
"1","1"
"1","1"
"1","5"
"1","5"
"1","0"
"1","0"
"1","0"
"1","0"
"1","1"
"1","2"
"1","0"
"1","6"
"1","1"
"1","1"
"1","4"
"1","4"
"1","0"
"1","1"
"1","2"
"1","4"
"1","5"
"1","2"
"1","7"
"1","1"
"1","7"
"1","2"
"1","6"
"1","6"
"1","6"
"1","7"
"1","5"
"1","2"
"1","6"
"1","3"
"1","2"
"1","4"
"1","1"
"1","0"
"1","6"
"1","0"
"1","0"
"1","4"
"1","2"
"1","1"
"1","1"
"1","1"
"1","7"
"1","1"
"1","6"
"1","1"
"1","1"
"1","4"
"1","2"
"1","0"
"1","10"
"1","6"
"1","0"
"1","4"
"1","1"
"1","2"
"1","6"
"1","0"
"1","0"
"1","0"
"1","7"
"1","0"
"1","12"
"1","1"
"1","5"
"1","2"
"1","0"
"1","2"
"1","0"
"1","0"
"1","6"
"1","1"
"1","1"
"1","12"
"1","7"
"1","5"
"1","2"
"1","1"
"1","1"
"1","1"
"1","11"
"1","0"
"1","2"
"1","1"
"1","0"
"1","2"
"1","6"
"1","2"
"1","0"
"1","4"
"1","0"
"1","7"
"1","2"
"1","1"
"1","6"
"1","0"
"1","1"
"1","0"
"1","1"
"1","7"
"1","7"
"1","1"
"1","1"
"1","3"
"1","2"
"1","4"
"1","0"
"1","11"
"1","2"
"1","2"
"1","0"
"1","6"
"1","7"
"1","7"
"1","0"
"1","2"
"1","1"
"1","12"
"1","7"
"1","2"
"1","7"
"1","2"
"1","0"
"1","0"
"1","2"
"1","2"
"1","2"
"1","0"
"1","0"
"1","1"
"1","2"
"1","6"
"1","1"
"1","2"
"1","7"
"1","1"
"1","5"
"1","0"
"1","1"
"1","0"
"1","2"
"1","1"
"1","2"
"1","0"
"1","1"
"1","1"
"1","0"
"1","0"
"1","0"
"1","2"
"1","4"
"1","0"
"1","0"
"1","0"
"1","1"
"1","2"
"1","4"
"1","2"
"1","1"
"1","0"
"1","2"
"1","6"
"1","0"
"1","2"
"1","1"
"1","1"
"1","0"
"1","2"
"1","5"
"1","0"
"1","6"
"1","2"
"1","1"
"1","2"
"1","2"
"1","1"
"1","5"
"1","1"
"1","6"
"1","4"
"1","1"
"1","1"
"1","7"
"1","0"
"1","2"
"1","2"
"1","0"
"1","4"
"1","7"
"1","1"
"1","0"
"1","1"
"1","1"
"1","4"
"1","6"
"1","4"
"1","1"
"1","7"
"1","0"
"1","7"
"1","5"
"1","0"
"1","3"
"1","1"
"1","4"
"1","0"
"1","1"
"1","0"
"1","4"
"1","5"
"1","2"
"1","0"
"1","2"
"1","2"
"1","1"
"1","1"
"1","0"
"1","5"
"1","2"
"1","0"
"1","1"
"1","2"
"1","6"
"1","1"
"1","2"
"1","2"
"1","2"
"1","6"
"1","0"
"1","0"
"1","2"
"1","6"
"1","7"
"1","2"
"1","1"
"1","1"
"1","1"
"1","0"
"1","2"
"1","7"
"1","0"
"1","1"
"1","6"
"1","0"
"1","1"
"1","2"
"1","0"
"1","12"
"1","4"
"1","5"
"1","0"
"1","6"
"1","4"
"1","1"
"1","4"
"1","2"
"1","1"
"1","0"
"1","2"
"1","5"
"1","0"
"1","0"
"1","6"
"1","0"
"1","0"
"1","1"
"1","1"
"1","5"
"1","6"
"1","3"
"1","1"
"1","4"
"1","0"
"1","2"
"1","1"
"1","2"
"1","5"
"1","1"
"1","7"
"1","2"
"1","0"
"1","4"
"1","1"
"1","4"
"1","0"
"1","1"
"1","1"
"1","11"
"1","0"
"1","0"
"1","3"
"1","0"
"1","0"
"1","12"
"1","1"
"1","7"
"1","5"
"1","6"
"1","6"
"1","2"
"1","2"
"1","1"
"1","0"
"1","2"
"1","1"
"1","1"
"1","5"
"1","0"
"1","6"
"1","5"
"1","1"
"1","2"
"1","4"
"1","2"
"1","0"
"1","1"
"1","0"
"1","1"
"1","1"
"1","1"
"1","6"
"1","5"
"1","5"
"1","0"
"1","0"
"1","0"
"1","7"
"1","0"
"1","3"
"1","7"
"1","2"
"1","2"
"1","1"
"1","0"
"1","2"
"1","0"
"1","5"
"1","0"
"1","6"
"1","2"
"1","4"
"1","11"
"1","4"
"1","7"
"1","4"
"1","2"
"1","2"
"1","1"
"1","11"
"1","7"
"1","7"
"1","4"
"1","0"
"1","4"
"1","1"
"1","2"
"1","1"
"1","2"
"1","0"
"1","2"
"1","0"
"1","2"
"1","14"
"1","1"
"1","2"
"1","0"
"1","7"
"1","1"
"1","2"
"1","0"
"1","0"
"1","8"
"1","5"
"1","2"
"1","0"
"1","4"
"1","2"
"1","2"
"1","6"
"1","3"
"1","7"
"1","6"
"1","0"
"1","7"
"1","6"
"1","0"
"1","0"
"1","0"
"1","2"
"1","0"
"1","0"
"1","4"
"1","0"
"1","0"
"1","0"
"1","5"
"1","0"
"1","0"
"1","1"
"1","3"
"1","0"
"1","2"
"1","4"
"1","2"
"1","2"
"1","1"
"1","2"
"1","1"
"1","4"
"1","1"
"1","4"
"1","1"
"1","0"
"1","1"
"1","2"
"1","1"
"1","4"
"1","0"
"1","4"
"1","6"
"1","2"
"1","0"
"1","0"
"1","7"
"1","0"
"1","2"
"1","2"
"1","1"
"1","2"
"1","5"
"1","4"
"1","1"
"1","6"
"1","7"
"1","0"
"1","0"
"1","1"
"1","3"
"1","1"
"1","2"
"1","1"
"1","4"
"1","1"
"1","4"
"1","2"
"1","2"
"1","2"
"1","2"
"1","1"
"1","11"
"1","4"
"1","2"
"1","2"
"1","1"
"1","6"
"1","12"
"1","2"
"1","4"
"1","2"
"1","0"
"1","2"
"1","6"
"1","0"
"1","2"
"1","5"
"1","3"
"1","2"
"1","2"
"1","4"
"1","0"
"1","0"
"1","2"
"1","0"
"1","0"
"1","1"
"1","1"
"1","2"
"1","1"
"1","1"
"1","2"
"1","1"
"1","2"
"1","0"
"1","2"
"1","0"
"1","6"
"1","2"
"1","1"
"1","2"
"1","2"
"1","1"
"1","2"
"1","2"
"1","2"
"1","1"
"1","6"
"1","7"
"1","1"
"1","2"
"1","12"
"1","6"
"1","1"
"1","1"
"1","1"
"1","0"
"1","5"
"1","1"
"1","0"
"1","1"
"1","4"
"1","2"
"1","1"
"1","0"
"1","0"
"1","4"
"1","1"
"1","1"
"1","4"
"1","7"
"1","7"
"1","1"
"1","0"
"1","4"
"1","7"
"1","0"
"1","0"
"1","1"
"1","9"
"1","0"
"1","1"
"1","4"
"1","1"
"1","0"
"1","0"
"1","1"
"1","4"
"1","6"
"1","4"
"1","7"
"1","4"
"1","7"
"1","6"
"1","1"
"1","4"
"1","1"
"1","0"
"1","0"
"1","6"
"1","2"
"1","0"
"1","5"
"1","2"
"1","0"
"1","11"
"1","0"
"1","7"
"1","6"
"1","1"
"1","2"
"1","2"
"1","0"
"1","2"
"1","2"
"1","0"
"1","11"
"1","2"
"1","0"
"1","1"
"1","2"
"1","12"
"1","2"
"1","0"
"1","2"
"1","0"
"1","1"
"1","2"
"1","6"
"1","0"
"1","6"
"1","0"
"1","0"
"1","1"
"1","0"
"1","2"
"1","0"
"1","0"
"1","6"
"1","2"
"1","0"
"1","0"
"1","0"
"1","4"
"1","4"
"1","2"
"1","11"
"1","2"
"1","2"
"1","5"
"1","6"
"1","1"
"1","6"
"1","7"
"1","11"
"1","3"
"1","1"
"1","0"
"1","12"
"1","5"
"1","1"
"1","2"
"1","4"
"1","1"
"1","0"
"1","6"
"1","4"
"1","0"
"1","2"
"1","4"
"1","1"
"1","2"
"1","2"
"1","0"
"1","1"
"1","1"
"1","4"
"1","6"
"1","6"
"1","1"
"1","4"
"1","2"
"1","2"
"1","4"
"1","3"
"1","1"
"1","0"
"1","1"
"1","2"
"1","7"
"1","0"
"1","4"
"1","0"
"1","1"
"1","0"
"1","1"
"1","7"
"1","0"
"1","0"
"1","0"
"1","0"
"1","2"
"1","0"
"1","1"
"1","2"
"1","6"
"1","2"
"1","1"
"1","0"
"1","1"
"1","4"
"1","6"
"1","1"
"1","1"
"1","14"
"1","6"
"1","1"
"1","0"
"1","7"
"1","7"
"1","1"
"1","2"
"1","0"
"1","2"
"1","1"
"1","5"
"1","0"
"1","1"
"1","0"
"1","4"
"1","1"
"1","6"
"1","0"
"1","12"
"1","3"
"1","2"
"1","1"
"1","0"
"1","1"
"1","1"
"1","1"
"2","2"
"2","1"
"2","2"
"2","0"
"2","1"
"2","0"
"2","0"
"2","2"
"2","2"
"2","3"
"2","2"
"2","0"
"2","1"
"2","1"
"2","0"
"2","3"
"2","4"
"2","1"
"2","0"
"2","3"
"2","3"
"2","1"
"2","2"
"2","3"
"2","3"
"2","1"
"2","2"
"2","1"
"2","2"
"2","2"
"2","13"
"2","1"
"2","0"
"2","2"
"2","0"
"2","1"
"2","3"
"2","2"
"2","3"
"2","3"
"2","0"
"2","0"
"2","3"
"2","0"
"2","4"
"2","3"
"2","9"
"2","3"
"2","0"
"2","0"
"2","10"
"2","1"
"2","3"
"2","2"
"2","0"
"2","0"
"2","2"
"2","1"
"2","2"
"2","2"
"2","0"
"2","1"
"2","3"
"2","3"
"2","4"
"2","9"
"2","0"
"2","0"
"2","2"
"2","4"
"2","0"
"2","2"
"2","3"
"2","0"
"2","1"
"2","1"
"2","2"
"2","3"
"2","1"
"2","2"
"2","1"
"2","1"
"2","2"
"2","1"
"2","3"
"2","4"
"2","0"
"2","1"
"2","4"
"2","2"
"2","0"
"2","0"
"2","8"
"2","2"
"2","2"
"2","1"
"2","1"
"2","3"
"2","1"
"2","1"
"2","4"
"2","0"
"2","2"
"2","3"
"2","0"
"2","1"
"2","2"
"2","3"
"2","2"
"2","2"
"2","2"
"2","3"
"2","0"
"2","0"
"2","3"
"2","2"
"2","3"
"2","3"
"2","0"
"2","3"
"2","0"
"2","0"
"2","0"
"2","2"
"2","0"
"2","2"
"2","1"
"2","1"
"2","0"
"2","4"
"2","3"
"2","1"
"2","0"
"2","1"
"2","0"
"2","4"
"2","3"
"2","4"
"2","1"
"2","1"
"2","2"
"2","1"
"2","2"
"2","2"
"2","0"
"2","0"
"2","2"
"2","0"
"2","1"
"2","3"
"2","3"
"2","4"
"2","0"
"2","1"
"2","9"
"2","0"
"2","1"
"2","0"
"2","1"
"2","2"
"2","2"
"2","2"
"2","1"
"2","2"
"2","2"
"2","0"
"2","2"
"2","1"
"2","2"
"2","2"
"2","0"
"2","0"
"2","3"
"2","0"
"2","0"
"2","2"
"2","4"
"2","8"
"2","1"
"2","2"
"2","2"
"2","1"
"2","0"
"2","3"
"2","2"
"2","14"
"2","2"
"2","0"
"2","2"
"2","3"
"2","2"
"2","2"
"2","3"
"2","2"
"2","0"
"2","4"
"2","1"
"2","3"
"2","2"
"2","2"
"2","0"
"2","3"
"2","2"
"2","0"
"2","0"
"2","9"
"2","1"
"2","0"
"2","0"
"2","3"
"2","1"
"2","1"
"2","4"
"2","2"
"2","1"
"2","1"
"2","1"
"2","0"
"2","3"
"2","0"
"2","1"
"2","2"
"2","1"
"2","0"
"2","1"
"2","2"
"2","0"
"2","1"
"2","2"
"2","1"
"2","1"
"2","3"
"2","0"
"2","1"
"2","0"
"2","3"
"2","1"
"2","1"
"2","1"
"2","1"
"2","2"
"2","0"
"2","2"
"2","3"
"2","8"
"2","1"
"2","2"
"2","3"
"2","2"
"2","3"
"2","9"
"2","1"
"2","1"
"2","1"
"2","1"
"2","2"
"2","1"
"2","2"
"2","4"
"2","3"
"2","1"
"2","2"
"2","1"
"2","2"
"2","1"
"2","2"
"2","2"
"2","1"
"2","1"
"2","2"
"2","0"
"2","3"
"2","2"
"2","3"
"2","1"
"2","2"
"2","3"
"2","2"
"2","1"
"2","3"
"2","0"
"2","2"
"2","0"
"2","1"
"2","2"
"2","1"
"2","0"
"2","1"
"2","2"
"2","0"
"2","0"
"2","9"
"2","2"
"2","3"
"2","0"
"2","2"
"2","1"
"2","0"
"2","4"
"2","3"
"2","1"
"2","1"
"2","3"
"2","3"
"2","1"
"2","4"
"2","2"
"2","3"
"2","1"
"2","1"
"2","2"
"2","1"
"2","1"
"2","5"
"2","0"
"2","1"
"2","0"
"2","1"
"2","3"
"2","4"
"2","6"
"2","1"
"2","1"
"2","1"
"2","1"
"2","0"
"2","1"
"2","1"
"2","2"
"2","3"
"2","2"
"2","1"
"2","1"
"2","3"
"2","1"
"2","1"
"2","2"
"2","2"
"2","1"
"2","3"
"2","1"
"2","2"
"2","0"
"2","2"
"2","2"
"2","1"
"2","2"
"2","1"
"2","0"
"2","9"
"2","1"
"2","0"
"2","2"
"2","3"
"2","0"
"2","0"
"2","2"
"2","2"
"2","2"
"2","1"
"2","2"
"2","1"
"2","1"
"2","3"
"2","0"
"2","1"
"2","8"
"2","9"
"2","2"
"2","3"
"2","1"
"2","1"
"2","0"
"2","0"
"2","2"
"2","3"
"2","0"
"2","2"
"2","0"
"2","0"
"2","3"
"2","1"
"2","2"
"2","9"
"2","3"
"2","0"
"2","2"
"2","3"
"2","9"
"2","3"
"2","9"
"2","3"
"2","3"
"2","3"
"2","2"
"2","0"
"2","3"
"2","1"
"2","1"
"2","3"
"2","1"
"2","3"
"2","1"
"2","1"
"2","0"
"2","2"
"2","2"
"2","3"
"2","1"
"2","1"
"2","1"
"2","2"
"2","0"
"2","1"
"2","2"
"2","2"
"2","3"
"2","3"
"2","0"
"2","0"
"2","1"
"2","1"
"2","0"
"2","1"
"2","1"
"2","2"
"2","1"
"2","1"
"2","3"
"2","2"
"2","0"
"2","3"
"2","0"
"2","1"
"2","0"
"2","2"
"2","1"
"2","1"
"2","0"
"2","0"
"2","1"
"2","1"
"2","0"
"2","0"
"2","0"
"2","2"
"2","3"
"2","9"
"2","2"
"2","2"
"2","0"
"2","2"
"2","2"
"2","2"
"2","3"
"2","3"
"2","3"
"2","0"
"2","1"
"2","1"
"2","13"
"2","3"
"2","0"
"2","1"
"2","1"
"2","2"
"2","3"
"2","9"
"2","2"
"2","3"
"2","3"
"2","3"
"2","2"
"2","2"
"2","2"
"2","3"
"2","2"
"2","2"
"2","2"
"2","2"
"2","2"
"2","0"
"2","2"
"2","2"
"2","1"
"2","1"
"2","2"
"2","5"
"2","3"
"2","3"
"2","0"
"2","0"
"2","1"
"2","2"
"2","7"
"2","6"
"2","1"
"2","0"
"2","0"
"2","2"
"2","2"
"2","3"
"2","1"
"2","0"
"2","1"
"2","1"
"2","1"
"2","0"
"2","2"
"2","3"
"2","0"
"2","0"
"2","0"
"2","3"
"2","0"
"2","2"
"2","0"
"2","2"
"2","2"
"2","2"
"2","9"
"2","1"
"2","1"
"2","2"
"2","0"
"2","3"
"2","2"
"2","1"
"2","1"
"2","3"
"2","0"
"2","2"
"2","2"
"2","1"
"2","0"
"2","2"
"2","3"
"2","1"
"2","0"
"2","0"
"2","2"
"2","3"
"2","2"
"2","1"
"2","0"
"2","1"
"2","1"
"2","1"
"2","3"
"2","3"
"2","1"
"2","0"
"2","1"
"2","2"
"2","3"
"2","2"
"2","4"
"2","4"
"2","2"
"2","4"
"2","2"
"2","1"
"2","3"
"2","3"
"2","3"
"2","0"
"2","3"
"2","0"
"2","3"
"2","0"
"2","7"
"2","0"
"2","3"
"2","2"
"2","1"
"2","2"
"2","0"
"2","2"
"2","13"
"2","0"
"2","2"
"2","3"
"2","2"
"2","1"
"2","0"
"2","2"
"2","0"
"2","2"
"2","0"
"2","1"
"2","1"
"2","2"
"2","1"
"2","0"
"2","3"
"2","2"
"2","9"
"2","2"
"2","1"
"2","1"
"2","1"
"2","0"
"2","1"
"2","3"
"2","0"
"2","2"
"2","1"
"2","3"
"2","2"
"2","3"
"2","7"
"2","3"
"2","0"
"2","1"
"2","1"
"2","2"
"2","1"
"2","3"
"2","2"
"2","3"
"2","3"
"2","1"
"2","3"
"2","0"
"2","0"
"2","3"
"2","1"
"2","2"
"2","1"
"2","0"
"2","1"
"2","1"
"2","2"
"2","3"
"2","3"
"2","1"
"2","2"
"2","3"
"2","1"
"2","2"
"2","0"
"2","3"
"2","1"
"2","0"
"2","1"
"2","2"
"2","0"
"2","1"
"2","3"
"2","4"
"2","3"
"2","0"
"2","0"
"2","3"
"2","3"
"2","1"
"2","3"
"2","0"
"2","1"
"2","1"
"2","4"
"2","1"
"2","1"
"2","8"
"2","1"
"2","3"
"2","0"
"2","0"
"2","1"
"2","1"
"2","1"
"2","3"
"2","2"
"2","13"
"2","1"
"2","2"
"2","1"
"2","2"
"2","2"
"2","1"
"2","0"
"2","0"
"2","0"
"2","2"
"2","2"
"2","0"
"2","1"
"2","0"
"2","1"
"2","5"
"2","2"
"2","2"
"2","3"
"2","3"
"2","2"
"2","2"
"2","2"
"2","0"
"2","2"
"2","0"
"2","2"
"2","2"
"2","2"
"2","3"
"2","3"
"2","2"
"2","3"
"2","1"
"2","0"
"2","1"
"2","3"
"2","1"
"2","0"
"2","1"
"2","3"
"2","3"
"2","3"
"2","1"
"2","2"
"2","2"
"2","0"
"2","3"
"2","9"
"2","2"
"2","2"
"2","3"
"2","2"
"2","0"
"2","2"
"2","9"
"2","3"
"2","3"
"2","2"
"2","3"
"2","2"
"2","8"
"2","1"
"2","2"
"2","9"
"2","0"
"2","0"
"2","0"
"2","2"
"2","3"
"2","3"
"2","1"
"2","2"
"2","1"
"2","4"
"2","0"
"2","1"
"2","3"
"2","0"
"2","1"
"2","2"
"2","1"
"2","0"
"2","4"
"2","1"
"2","1"
"2","0"
"2","1"
"2","9"
"2","2"
"2","1"
"2","0"
"2","2"
"2","3"
"2","0"
"2","1"
"2","0"
"2","0"
"2","2"
"2","3"
"2","3"
"2","9"
"2","0"
"2","0"
"2","3"
"2","0"
"2","1"
"2","0"
"2","0"
"2","1"
"2","3"
"2","0"
"2","0"
"2","1"
"2","2"
"2","3"
"2","1"
"2","0"
"2","2"
"2","0"
"2","2"
"2","2"
"2","9"
"2","2"
"2","2"
"2","0"
"2","3"
"2","2"
"2","3"
"2","3"
"2","3"
"2","3"
"2","0"
"2","0"
"2","1"
"2","1"
"2","1"
"2","2"
"2","2"
"2","1"
"2","2"
"2","2"
"2","2"
"2","3"
"2","0"
"2","1"
"2","0"
"2","3"
"2","3"
"2","3"
"2","3"
"2","2"
"2","0"
"2","1"
"2","2"
"2","1"
"2","2"
"2","2"
"2","0"
"2","3"
"2","0"
"2","3"
"2","1"
"2","2"
"2","1"
"2","1"
"2","1"
"2","2"
"2","3"
"2","0"
"2","1"
"2","1"
"2","1"
"2","5"
"2","0"
"2","2"
"2","3"
"2","2"
"2","3"
"2","1"
"2","0"
"2","2"
"2","2"
"2","0"
"2","1"
"2","1"
"2","2"
"2","0"
"2","2"
"2","4"
"2","2"
"2","1"
"2","3"
"2","2"
"2","3"
"2","1"
"2","2"
"2","2"
"2","0"
"2","0"
"2","3"
"2","2"
"2","2"
"2","2"
"2","0"
"2","1"
"2","0"
"2","3"
"2","2"
"2","2"
"2","9"
"2","2"
"2","2"
"2","1"
"2","0"
"2","4"
"2","17"
"2","0"
"2","13"
"2","1"
"2","2"
"2","1"
"2","1"
"2","1"
"2","0"
"2","4"
"2","2"
"2","0"
"2","9"
"2","0"
"2","2"
"2","1"
"2","2"
"2","3"
"2","0"
"2","2"
"2","3"
"2","3"
"2","1"
"2","3"
"2","0"
"2","3"
"2","2"
"2","2"
"2","1"
"2","0"
"2","0"
"2","4"
"2","2"
"2","2"
"2","0"
"2","3"
"2","3"
"2","2"
"2","3"
"2","1"
"2","1"
"2","2"
"2","0"
"2","2"
"2","0"
"2","4"
"2","1"
"2","4"
"2","3"
"2","2"
"2","2"
"2","3"
"2","0"
"2","2"
"2","1"
"2","0"
"2","3"
"2","3"
"2","0"
"2","0"
"2","2"
"2","2"
"2","1"
"2","0"
"2","1"
"2","0"
"2","2"
"2","3"
"2","0"
"2","0"
"2","2"
"2","1"
"2","1"
"2","1"
"2","2"
"2","0"
"2","1"
"2","3"
"2","0"
"2","2"
"2","0"
"2","2"
"2","2"
"2","9"
"2","2"
"2","3"
"2","1"
"2","0"
"2","3"
"2","0"
"2","3"
"2","1"
"2","3"
"2","1"
"2","2"
"2","2"
"2","1"
"2","2"
"2","3"
"2","0"
"2","3"
"2","2"
"2","1"
"2","3"
"2","1"
"2","0"
"2","9"
"2","3"
"2","2"
"2","0"
"2","1"
"2","3"
"2","0"
"2","3"
"2","2"
"2","2"
"2","0"
"2","9"
"2","1"
"2","9"
"2","3"
"2","0"
"2","2"
"2","3"
"2","3"
"2","1"
"2","0"
"2","2"
"2","1"
"2","3"
"2","2"
"2","3"
"2","1"
"2","4"
"2","0"
"2","0"
"2","0"
"2","2"
"2","3"
"2","2"
"2","1"
"2","0"
"2","2"
"2","1"
"2","2"
"2","3"
"2","3"
"2","2"
"2","3"
"2","3"
"2","3"
"2","0"
"2","2"
"2","2"
"2","0"
"2","0"
"2","2"
"2","3"
"2","9"
"2","3"
"2","18"
"2","0"
"2","3"
"2","1"
"2","1"
"2","2"
"2","2"
"2","9"
"2","2"
"2","1"
"2","1"
"2","3"
"2","2"
"2","2"
"2","1"
"2","2"
"2","3"
"2","0"
"2","3"
"2","2"
"2","0"
"2","3"
"2","0"
"2","4"
"2","0"
"2","7"
"2","3"
"2","2"
"2","0"
"2","4"
"2","1"
"2","2"
"2","0"
"2","1"
"2","0"
"2","3"
"2","1"
"2","1"
"2","0"
"2","2"
"2","9"
"2","0"
"2","0"
"2","2"
"2","3"
"2","0"
"2","0"
"2","1"
"2","0"
"2","1"
"2","9"
"2","3"
"2","0"
"2","3"
"2","1"
"2","0"
"2","9"
"2","0"
"2","2"
"2","2"
"2","0"
"2","0"
"2","3"
"2","3"
"2","2"
"2","2"
"2","0"
"2","0"
"2","4"
"2","2"
"2","3"
"2","2"
"2","2"
"2","2"
"2","1"
"2","3"
"2","2"
"2","3"
"2","2"
"2","4"
"2","5"
"2","1"
"2","0"
"2","1"
"2","1"
"2","8"
"2","1"
"2","2"
"2","3"
"2","1"
"2","3"
"2","3"
"2","1"
"2","1"
"2","3"
"2","1"
"2","0"
"2","4"
"2","3"
"2","1"
"2","2"
"2","3"
"2","2"
"2","1"
"2","1"
"2","9"
"2","0"
"2","2"
"2","3"
"2","1"
"2","1"
"2","3"
"2","7"
"2","1"
"2","3"
"2","9"
"2","1"
"2","1"
"2","2"
"2","4"
"2","1"
"2","5"
"2","2"
"2","0"
"2","4"
"2","3"
"2","1"
"2","0"
"2","0"
"2","3"
"2","2"
"2","0"
"2","1"
"2","0"
"2","2"
"2","0"
"2","3"
"2","2"
"2","2"
"2","2"
"2","1"
"2","1"
"2","0"
"2","2"
"2","2"
"2","4"
"2","2"
"2","2"
"2","1"
"2","0"
"2","0"
"2","1"
"2","3"
"2","0"
"2","2"
"2","2"
"2","2"
"2","2"
"2","0"
"2","2"
"2","2"
"2","3"
"2","1"
"2","2"
"2","3"
"2","1"
"2","2"
"2","2"
"2","6"
"2","0"
"2","9"
"2","0"
"2","3"
"2","3"
"2","13"
"2","4"
"2","6"
"2","4"
"2","1"
"2","3"
"2","0"
"2","2"
"2","4"
"2","1"
"2","1"
"2","0"
"2","2"
"2","1"
"2","1"
"2","4"
"2","3"
"2","0"
"2","13"
"2","0"
"2","1"
"2","1"
"2","3"
"2","19"
"2","1"
"2","1"
"2","0"
"2","4"
"2","1"
"2","3"
"2","0"
"2","3"
"2","4"
"2","9"
"2","0"
"2","0"
"2","2"
"2","2"
"2","2"
"2","1"
"2","20"
"2","3"
"2","3"
"2","0"
"2","9"
"2","7"
"2","1"
"2","13"
"2","2"
"2","3"
"2","1"
"2","1"
"2","2"
"2","4"
"2","0"
"2","0"
"2","1"
"2","2"
"2","3"
"2","2"
"2","0"
"2","0"
"2","1"
"2","1"
"2","3"
"2","2"
"2","0"
"2","1"
"2","2"
"2","3"
"2","3"
"2","2"
"2","1"
"2","1"
"2","2"
"2","1"
"2","2"
"2","0"
"2","2"
"2","1"
"2","0"
"2","2"
"2","7"
"2","9"
"2","2"
"2","3"
"2","2"
"2","3"
"2","0"
"2","2"
"2","0"
"2","3"
"2","2"
"2","1"
"2","1"
"2","2"
"2","1"
"2","3"
"2","3"
"2","3"
"2","1"
"2","2"
"2","2"
"2","3"
"2","0"
"2","4"
"2","1"
"2","3"
"2","2"
"2","2"
"2","0"
"2","1"
"2","2"
"2","1"
"2","0"
"2","1"
"2","4"
"2","2"
"2","4"
"2","0"
"2","0"
"2","3"
"2","3"
"2","0"
"2","2"
"2","9"
"2","0"
"2","0"
"2","3"
"2","3"
"2","3"
"2","2"
"2","0"
"2","1"
"2","3"
"2","2"
"2","1"
"2","1"
"2","1"
"2","0"
"2","0"
"2","2"
"2","3"
"2","2"
"2","1"
"2","2"
"2","1"
"2","1"
"2","9"
"2","2"
"2","1"
"2","3"
"2","3"
"2","2"
"2","1"
"2","0"
"2","0"
"2","3"
"2","1"
"2","0"
"2","2"
"2","2"
"2","2"
"2","0"
"2","1"
"2","3"
"2","3"
"2","2"
"2","1"
"2","0"
"2","2"
"2","0"
"2","3"
"2","0"
"2","0"
"2","1"
"2","2"
"2","0"
"2","3"
"2","1"
"2","2"
"2","2"
"2","3"
"2","3"
"2","0"
"2","3"
"2","1"
"2","1"
"2","0"
"2","0"
"2","1"
"2","2"
"2","2"
"2","3"
"2","0"
"2","2"
"2","0"
"2","2"
"2","3"
"2","1"
"2","2"
"2","1"
"2","0"
"2","2"
"2","2"
"2","2"
"2","3"
"2","1"
"2","1"
"2","7"
"2","0"
"2","2"
"2","1"
"2","0"
"2","1"
"2","1"
"2","1"
"2","2"
"2","1"
"2","1"
"2","3"
"2","2"
"2","3"
"2","1"
"2","3"
"2","0"
"2","1"
"2","2"
"2","3"
"2","2"
"2","1"
"2","3"
"2","2"
"2","3"
"2","3"
"2","3"
"2","2"
"2","2"
"2","0"
"2","3"
"2","0"
"2","2"
"2","2"
"2","3"
"2","2"
"2","1"
"2","3"
"2","2"
"2","2"
"2","0"
"2","2"
"2","1"
"2","0"
"2","0"
"2","1"
"2","3"
"2","2"
"2","2"
"2","1"
"2","3"
"2","0"
"2","0"
"2","1"
"2","2"
"2","2"
"2","1"
"2","3"
"2","1"
"2","3"
"2","1"
"2","9"
"2","2"
"2","3"
"2","2"
"2","2"
"2","0"
"2","2"
"2","1"
"2","13"
"2","1"
"2","0"
"2","3"
"2","9"
"2","2"
"2","9"
"2","1"
"2","3"
"2","2"
"2","3"
"2","2"
"2","1"
"2","0"
"2","2"
"2","1"
"2","2"
"2","1"
"2","18"
"2","0"
"2","0"
"2","1"
"2","1"
"2","1"
"2","1"
"2","0"
"2","3"
"2","2"
"2","1"
"2","1"
"2","1"
"2","1"
"2","1"
"2","1"
"2","0"
"2","2"
"2","1"
"2","9"
"2","1"
"2","2"
"2","1"
"2","2"
"2","2"
"2","3"
"2","3"
"2","2"
"2","0"
"2","4"
"2","2"
"2","0"
"2","0"
"2","3"
"2","0"
"2","0"
"2","0"
"2","3"
"2","3"
"2","4"
"2","0"
"2","0"
"2","1"
"2","0"
"2","3"
"2","3"
"2","3"
"2","1"
"2","1"
"2","3"
"2","1"
"2","0"
"2","1"
"2","3"
"2","13"
"2","9"
"2","2"
"3","8"
"3","3"
"3","2"
"3","2"
"3","1"
"3","13"
"3","2"
"3","3"
"3","18"
"3","3"
"3","2"
"3","13"
"3","3"
"3","9"
"3","15"
"3","2"
"3","3"
"3","2"
"3","9"
"3","9"
"3","2"
"3","13"
"3","2"
"3","13"
"3","2"
"3","17"
"3","9"
"3","3"
"3","2"
"3","2"
"3","2"
"3","9"
"3","2"
"3","9"
"3","9"
"3","13"
"3","2"
"3","3"
"3","2"
"3","2"
"3","8"
"3","2"
"3","8"
"3","3"
"3","17"
"3","3"
"3","8"
"3","2"
"3","13"
"3","17"
"3","2"
"3","2"
"3","2"
"3","13"
"3","2"
"3","1"
"3","0"
"3","9"
"3","2"
"3","2"
"3","18"
"3","13"
"3","13"
"3","2"
"3","3"
"3","2"
"3","18"
"3","17"
"3","1"
"3","3"
"3","3"
"3","8"
"3","8"
"3","9"
"3","3"
"3","2"
"3","13"
"3","3"
"3","2"
"3","3"
"3","13"
"3","2"
"3","13"
"3","13"
"3","13"
"3","8"
"3","9"
"3","8"
"3","3"
"3","2"
"3","2"
"3","2"
"3","2"
"3","2"
"3","9"
"3","3"
"3","8"
"3","9"
"3","9"
"3","2"
"3","3"
"3","2"
"3","3"
"3","3"
"3","2"
"3","17"
"3","2"
"3","3"
"3","3"
"3","2"
"3","3"
"3","8"
"3","3"
"3","3"
"3","17"
"3","9"
"3","13"
"3","3"
"3","3"
"3","8"
"3","9"
"3","2"
"3","2"
"3","3"
"3","21"
"3","17"
"3","2"
"3","2"
"3","3"
"3","13"
"3","3"
"3","1"
"3","9"
"3","2"
"3","2"
"3","3"
"3","2"
"3","8"
"3","3"
"3","3"
"3","2"
"3","2"
"3","17"
"3","13"
"3","13"
"3","1"
"3","2"
"3","2"
"3","9"
"3","9"
"3","1"
"3","9"
"3","2"
"3","2"
"3","2"
"3","20"
"3","2"
"3","13"
"3","1"
"3","13"
"3","1"
"3","0"
"3","2"
"3","8"
"3","8"
"3","0"
"3","17"
"3","1"
"3","9"
"3","9"
"3","3"
"3","2"
"3","3"
"3","9"
"3","2"
"3","1"
"3","2"
"3","1"
"3","13"
"3","8"
"3","3"
"3","3"
"3","2"
"3","3"
"3","8"
"3","3"
"3","13"
"3","3"
"3","22"
"3","2"
"3","0"
"3","13"
"3","13"
"3","8"
"3","3"
"3","3"
"3","3"
"3","1"
"3","2"
"3","2"
"3","3"
"3","3"
"3","3"
"3","13"
"3","13"
"3","2"
"3","2"
"3","3"
"3","2"
"3","3"
"3","3"
"3","3"
"3","2"
"3","13"
"3","22"
"3","3"
"3","13"
"3","2"
"3","18"
"3","3"
"3","3"
"3","21"
"3","8"
"3","0"
"3","3"
"3","2"
"3","9"
"3","13"
"3","8"
"3","9"
"3","3"
"3","2"
"3","20"
"3","8"
"3","3"
"3","8"
"3","2"
"3","3"
"3","19"
"3","2"
"3","9"
"3","2"
"3","13"
"3","3"
"3","13"
"3","8"
"3","2"
"3","2"
"3","17"
"3","2"
"3","2"
"3","9"
"3","13"
"3","13"
"3","13"
"3","3"
"3","9"
"3","13"
"3","1"
"3","8"
"3","8"
"3","3"
"3","2"
"3","9"
"3","3"
"3","2"
"3","2"
"3","3"
"3","9"
"3","3"
"3","9"
"3","2"
"3","1"
"3","13"
"3","9"
"3","13"
"3","3"
"3","2"
"3","2"
"3","9"
"3","2"
"3","2"
"3","2"
"3","3"
"3","2"
"3","3"
"3","8"
"3","3"
"3","1"
"3","2"
"3","2"
"3","13"
"3","3"
"3","8"
"3","9"
"3","9"
"3","2"
"3","2"
"3","3"
"3","2"
"3","2"
"3","3"
"3","2"
"3","17"
"3","2"
"3","9"
"3","3"
"3","3"
"3","3"
"3","2"
"3","2"
"3","8"
"3","13"
"3","2"
"3","8"
"3","2"
"3","0"
"3","13"
"3","9"
"3","2"
"3","3"
"3","2"
"3","2"
"3","3"
"3","3"
"3","0"
"3","2"
"3","2"
"3","13"
"3","17"
"3","3"
"3","3"
"3","13"
"3","9"
"3","17"
"3","3"
"3","20"
"3","0"
"3","17"
"3","2"
"3","8"
"3","8"
"3","2"
"3","3"
"3","3"
"3","2"
"3","3"
"3","9"
"3","2"
"3","17"
"3","2"
"3","3"
"3","2"
"3","3"
"3","2"
"3","3"
"3","2"
"3","2"
"3","9"
"3","9"
"3","3"
"3","3"
"3","1"
"3","2"
"3","8"
"3","9"
"3","2"
"3","2"
"3","2"
"3","3"
"3","8"
"3","2"
"3","2"
"3","18"
"3","9"
"3","13"
"3","3"
"3","8"
"3","0"
"3","4"
"3","13"
"3","3"
"3","1"
"3","7"
"3","2"
"3","2"
"3","9"
"3","8"
"3","9"
"3","2"
"3","20"
"3","3"
"3","3"
"3","0"
"3","9"
"3","9"
"3","2"
"3","2"
"3","3"
"3","13"
"3","9"
"3","13"
"3","3"
"3","2"
"3","2"
"3","2"
"3","9"
"3","2"
"3","8"
"3","9"
"3","3"
"3","2"
"3","13"
"3","2"
"3","3"
"3","9"
"3","8"
"3","3"
"3","17"
"3","22"
"3","2"
"3","2"
"3","2"
"3","3"
"3","8"
"3","3"
"3","9"
"3","3"
"3","17"
"3","1"
"3","20"
"3","13"
"3","2"
"3","3"
"3","3"
"3","8"
"3","2"
"3","13"
"3","2"
"3","2"
"3","3"
"3","0"
"3","2"
"3","2"
"3","9"
"3","2"
"3","13"
"3","1"
"3","2"
"3","2"
"3","3"
"3","9"
"3","20"
"3","2"
"3","13"
"3","2"
"3","3"
"3","8"
"3","3"
"3","2"
"3","1"
"3","2"
"3","3"
"3","2"
"3","2"
"3","3"
"3","8"
"3","2"
"3","3"
"3","8"
"3","3"
"3","2"
"3","2"
"3","3"
"3","3"
"3","3"
"3","2"
"3","2"
"3","13"
"3","8"
"3","9"
"3","3"
"3","3"
"3","3"
"3","8"
"3","22"
"3","3"
"3","9"
"3","2"
"3","13"
"3","13"
"3","13"
"3","3"
"3","3"
"3","3"
"3","2"
"3","22"
"3","2"
"3","2"
"3","2"
"3","3"
"3","8"
"3","2"
"3","8"
"3","17"
"3","13"
"3","3"
"3","2"
"3","3"
"3","13"
"3","17"
"3","2"
"3","9"
"3","0"
"3","13"
"3","13"
"3","2"
"3","13"
"3","3"
"3","3"
"3","2"
"3","3"
"3","13"
"3","3"
"3","2"
"3","2"
"3","13"
"3","20"
"3","2"
"3","9"
"3","8"
"3","18"
"3","13"
"3","2"
"3","2"
"3","2"
"3","9"
"3","8"
"3","2"
"3","2"
"3","3"
"3","1"
"3","13"
"3","3"
"3","13"
"3","1"
"3","9"
"3","9"
"3","13"
"3","2"
"3","2"
"3","13"
"3","9"
"3","3"
"3","1"
"3","1"
"3","2"
"3","17"
"3","3"
"3","2"
"3","3"
"3","8"
"3","3"
"3","1"
"3","13"
"3","3"
"3","13"
"3","9"
"3","2"
"3","20"
"3","8"
"3","13"
"3","1"
"3","3"
"3","3"
"3","13"
"3","13"
"3","9"
"3","0"
"3","2"
"3","8"
"3","13"
"3","3"
"3","9"
"3","3"
"3","9"
"3","0"
"3","3"
"3","8"
"3","0"
"3","3"
"3","4"
"3","3"
"3","3"
"3","3"
"3","2"
"3","9"
"3","3"
"3","8"
"3","2"
"3","9"
"3","2"
"3","3"
"3","13"
"3","18"
"3","8"
"3","2"
"3","3"
"3","2"
"3","2"
"3","2"
"3","9"
"3","2"
"3","22"
"3","2"
"3","0"
"3","0"
"3","8"
"3","3"
"3","3"
"3","1"
"3","8"
"3","8"
"3","2"
"3","3"
"3","13"
"3","9"
"3","3"
"3","2"
"3","13"
"3","20"
"3","13"
"3","13"
"3","9"
"3","13"
"3","2"
"3","3"
"3","13"
"3","13"
"3","9"
"3","8"
"3","3"
"3","2"
"3","8"
"3","2"
"3","3"
"3","17"
"3","2"
"3","2"
"3","3"
"3","8"
"3","9"
"3","0"
"3","3"
"3","2"
"3","3"
"3","9"
"3","9"
"3","3"
"3","17"
"3","2"
"3","9"
"3","2"
"3","2"
"3","2"
"3","9"
"3","13"
"3","0"
"3","8"
"3","13"
"3","3"
"3","2"
"3","1"
"3","2"
"3","2"
"3","9"
"3","8"
"3","2"
"3","8"
"3","9"
"3","9"
"3","3"
"3","2"
"3","2"
"3","3"
"3","3"
"3","3"
"3","4"
"3","0"
"3","3"
"3","3"
"3","2"
"3","2"
"3","3"
"3","3"
"3","2"
"3","2"
"3","3"
"3","13"
"3","1"
"3","2"
"3","9"
"3","3"
"3","3"
"3","17"
"3","3"
"3","3"
"3","2"
"3","2"
"3","13"
"3","3"
"3","3"
"3","2"
"3","3"
"3","3"
"3","9"
"3","21"
"3","3"
"3","2"
"3","9"
"3","3"
"3","2"
"3","3"
"3","3"
"3","3"
"3","2"
"3","2"
"3","2"
"3","2"
"3","8"
"3","13"
"3","8"
"3","3"
"3","0"
"3","2"
"3","3"
"3","3"
"3","2"
"3","18"
"3","13"
"3","2"
"3","17"
"3","3"
"3","8"
"3","8"
"3","2"
"3","3"
"3","2"
"3","3"
"3","9"
"3","2"
"3","3"
"3","3"
"3","13"
"3","2"
"3","8"
"3","0"
"3","13"
"3","9"
"3","9"
"3","13"
"3","20"
"3","9"
"3","2"
"3","8"
"3","9"
"3","9"
"3","2"
"3","3"
"3","2"
"3","8"
"3","20"
"3","1"
"3","2"
"3","0"
"3","3"
"3","3"
"3","0"
"3","13"
"3","3"
"3","9"
"3","3"
"3","2"
"3","3"
"3","13"
"3","3"
"3","13"
"3","3"
"3","17"
"3","2"
"3","3"
"3","9"
"3","2"
"3","2"
"3","2"
"3","3"
"3","2"
"3","20"
"3","1"
"3","8"
"3","9"
"3","3"
"3","2"
"3","3"
"3","2"
"3","3"
"3","2"
"3","0"
"3","13"
"3","8"
"3","2"
"3","3"
"3","3"
"3","2"
"3","2"
"3","1"
"3","17"
"3","13"
"3","2"
"3","2"
"3","2"
"3","9"
"3","2"
"3","8"
"3","3"
"3","2"
"3","1"
"3","2"
"3","9"
"3","3"
"3","2"
"3","1"
"3","2"
"3","3"
"3","3"
"3","9"
"3","3"
"3","17"
"3","2"
"3","21"
"3","13"
"3","9"
"3","13"
"3","8"
"3","1"
"3","2"
"3","2"
"3","9"
"3","3"
"3","0"
"3","3"
"3","9"
"3","3"
"3","3"
"3","13"
"3","2"
"3","13"
"3","2"
"3","0"
"3","0"
"3","8"
"3","2"
"3","8"
"3","3"
"3","2"
"3","9"
"3","3"
"3","13"
"3","13"
"3","2"
"3","2"
"3","2"
"3","3"
"3","3"
"3","17"
"3","3"
"3","9"
"3","2"
"3","3"
"3","20"
"3","8"
"3","17"
"3","9"
"3","9"
"3","13"
"3","2"
"3","2"
"3","9"
"3","3"
"3","9"
"3","8"
"3","13"
"3","3"
"3","3"
"3","13"
"3","3"
"3","2"
"3","1"
"3","3"
"3","3"
"3","2"
"3","3"
"3","3"
"3","13"
"3","3"
"3","1"
"3","2"
"3","9"
"3","20"
"3","2"
"3","3"
"3","9"
"3","18"
"3","3"
"3","2"
"3","2"
"3","0"
"3","9"
"3","3"
"3","3"
"3","3"
"3","2"
"3","9"
"3","3"
"3","3"
"3","3"
"3","3"
"3","13"
"3","9"
"3","3"
"3","13"
"3","1"
"3","8"
"3","8"
"3","3"
"3","2"
"3","17"
"3","3"
"3","2"
"3","1"
"3","2"
"3","0"
"3","2"
"3","3"
"3","0"
"3","9"
"3","3"
"3","8"
"3","9"
"3","0"
"3","2"
"3","2"
"3","8"
"3","3"
"3","3"
"3","3"
"3","2"
"3","2"
"3","3"
"3","17"
"3","9"
"3","2"
"3","1"
"3","8"
"3","17"
"3","0"
"3","3"
"3","13"
"3","2"
"3","3"
"3","17"
"3","13"
"3","8"
"3","3"
"3","2"
"3","13"
"3","9"
"3","13"
"3","2"
"3","9"
"3","2"
"3","3"
"3","3"
"3","2"
"3","9"
"3","3"
"3","9"
"3","3"
"3","8"
"3","2"
"3","2"
"3","3"
"3","9"
"3","3"
"3","8"
"3","3"
"3","2"
"3","13"
"3","3"
"3","8"
"3","8"
"3","9"
"3","2"
"3","17"
"3","9"
"3","2"
"3","9"
"3","13"
"3","9"
"3","3"
"3","3"
"3","3"
"3","2"
"3","3"
"3","8"
"3","2"
"3","13"
"3","9"
"3","3"
"3","2"
"3","8"
"3","13"
"3","20"
"3","8"
"3","9"
"3","13"
"3","3"
"3","3"
"3","13"
"3","9"
"3","3"
"3","3"
"3","2"
"3","13"
"3","3"
"3","2"
"3","0"
"3","17"
"3","9"
"3","2"
"3","2"
"3","13"
"3","3"
"3","2"
"3","2"
"3","2"
"3","3"
"3","0"
"3","9"
"3","2"
"3","2"
"3","8"
"3","9"
"3","3"
"3","2"
"3","3"
"3","3"
"3","9"
"3","3"
"3","3"
"3","3"
"3","3"
"3","3"
"3","13"
"3","17"
"3","8"
"3","8"
"3","3"
"3","1"
"3","13"
"3","9"
"3","2"
"3","3"
"3","2"
"3","17"
"3","2"
"3","2"
"3","9"
"3","13"
"3","9"
"3","2"
"3","3"
"3","2"
"3","13"
"3","3"
"3","8"
"3","2"
"3","3"
"3","3"
"3","9"
"3","18"
"3","8"
"3","2"
"3","3"
"3","2"
"3","9"
"3","2"
"3","2"
"3","3"
"3","2"
"3","2"
"3","3"
"3","3"
"3","17"
"3","3"
"3","3"
"3","3"
"3","2"
"3","2"
"3","2"
"3","3"
"3","9"
"3","3"
"3","8"
"3","2"
"3","3"
"3","2"
"3","2"
"3","3"
"3","2"
"3","17"
"3","2"
"3","3"
"3","13"
"3","3"
"3","3"
"3","3"
"3","13"
"3","3"
"3","2"
"3","3"
"3","13"
"3","8"
"3","3"
"3","17"
"3","9"
"3","9"
"3","2"
"3","3"
"3","8"
"3","9"
"3","2"
"3","2"
"3","9"
"3","9"
"3","3"
"3","9"
"3","13"
"3","2"
"3","21"
"3","3"
"3","3"
"3","17"
"3","2"
"3","3"
"3","2"
"3","2"
"3","13"
"3","2"
"3","3"
"3","8"
"3","9"
"3","3"
"3","3"
"3","13"
"3","13"
"3","13"
"3","8"
"3","2"
"3","9"
"3","2"
"3","2"
"3","9"
"3","8"
"3","2"
"3","3"
"3","3"
"3","17"
"3","17"
"3","3"
"3","13"
"3","2"
"3","2"
"3","3"
"3","13"
"3","2"
"3","9"
"3","2"
"3","1"
"3","2"
"3","9"
"3","3"
"3","0"
"3","2"
"3","2"
"3","3"
"3","2"
"3","3"
"3","3"
"3","8"
"3","13"
"3","2"
"3","3"
"3","3"
"3","0"
"3","3"
"3","1"
"3","8"
"3","3"
"3","3"
"3","13"
"3","2"
"3","2"
"3","3"
"3","3"
"3","2"
"3","22"
"3","9"
"3","3"
"3","2"
"3","3"
"3","13"
"3","13"
"3","1"
"3","8"
"3","13"
"3","2"
"3","2"
"3","2"
"3","3"
"3","9"
"3","3"
"3","13"
"3","9"
"3","18"
"3","13"
"3","2"
"3","8"
"3","2"
"3","2"
"3","2"
"3","8"
"3","9"
"3","2"
"3","8"
"3","9"
"3","8"
"3","2"
"3","2"
"3","8"
"3","3"
"3","13"
"3","8"
"3","2"
"3","2"
"3","17"
"3","13"
"3","2"
"3","3"
"3","20"
"3","3"
"3","9"
"3","13"
"3","9"
"3","3"
"3","9"
"3","2"
"3","8"
"3","3"
"3","3"
"3","0"
"3","9"
"3","1"
"3","8"
"3","13"
"3","0"
"3","9"
"3","2"
"3","3"
"3","3"
"3","2"
"3","2"
"3","3"
"3","2"
"3","3"
"3","3"
"3","3"
"3","2"
"3","2"
"3","3"
"3","3"
"3","2"
"3","3"
"3","17"
"3","3"
"3","2"
"3","2"
"3","3"
"3","13"
"3","3"
"3","3"
"3","9"
"3","2"
"3","3"
"3","9"
"3","3"
"3","9"
"3","9"
"3","17"
"3","2"
"3","1"
"3","2"
"3","2"
"3","13"
"3","20"
"3","2"
"3","17"
"3","2"
"3","20"
"3","2"
"3","17"
"3","8"
"3","9"
"3","13"
"3","8"
"3","3"
"3","3"
"3","2"
"3","13"
"3","9"
"3","3"
"3","18"
"3","2"
"3","13"
"3","8"
"3","3"
"3","8"
"3","2"
"3","0"
"3","3"
"3","2"
"3","17"
"3","2"
"3","22"
"3","13"
"3","8"
"3","7"
"3","2"
"3","2"
"3","3"
"3","9"
"3","9"
"3","9"
"3","13"
"3","9"
"3","1"
"3","9"
"3","13"
"3","9"
"3","2"
"3","2"
"3","17"
"3","2"
"3","2"
"3","3"
"3","2"
"3","2"
"3","1"
"3","3"
"3","8"
"3","9"
"3","9"
"3","8"
"3","2"
"3","17"
"3","9"
"3","3"
"3","3"
"3","0"
"3","22"
"3","2"
"3","13"
"3","3"
"3","3"
"3","9"
"3","0"
"3","13"
"3","8"
"3","13"
"3","3"
"3","0"
"3","13"
"3","13"
"3","3"
"3","2"
"3","8"
"3","2"
"3","21"
"3","9"
"3","1"
"3","2"
"3","9"
"3","1"
"3","2"
"3","0"
"3","2"
"3","8"
"3","3"
"3","2"
"3","9"
"3","3"
"3","3"
"3","3"
"3","8"
"3","9"
"3","2"
"3","3"
"3","2"
"3","2"
"3","2"
"3","3"
"3","9"
"3","2"
"3","3"
"3","3"
"3","2"
"3","8"
"3","3"
"3","17"
"3","9"
"3","3"
"3","2"
"3","2"
"3","17"
"3","2"
"3","9"
"3","8"
"3","2"
"3","3"
"3","3"
"3","0"
"3","3"
"3","3"
"3","9"
"3","3"
"3","3"
"3","0"
"3","3"
"3","8"
"3","3"
"3","3"
"3","3"
"3","2"
"3","2"
"3","3"
"3","3"
"3","3"
"3","3"
"3","2"
"3","3"
"3","8"
"3","3"
"3","3"
"3","3"
"3","8"
"3","8"
"3","3"
"3","3"
"3","3"
"3","3"
"3","3"
"3","3"
"3","3"
"3","9"
"3","2"
"3","3"
"3","13"
"3","2"
"3","3"
"3","0"
"3","0"
"3","8"
"3","2"
"3","13"
"3","3"
"3","2"
"3","3"
"3","2"
"3","9"
"3","18"
"3","3"
"3","2"
"3","1"
"3","3"
"3","2"
"3","3"
"3","2"
"3","13"
"3","3"
"3","1"
"3","8"
"3","2"
"3","3"
"3","23"
"3","3"
"3","9"
"3","13"
"3","3"
"3","2"
"3","2"
"3","20"
"3","2"
"3","3"
"3","8"
"3","8"
"3","2"
"3","9"
"3","3"
"3","2"
"3","2"
"3","2"
"3","0"
"3","13"
"3","2"
"3","3"
"3","1"
"3","13"
"3","2"
"3","3"
"3","2"
"3","2"
"3","1"
"3","2"
"3","22"
"3","2"
"3","2"
"3","9"
"3","3"
"3","2"
"3","3"
"3","3"
"3","2"
"3","13"
"3","9"
"3","3"
"3","2"
"3","9"
"3","20"
"3","2"
"3","8"
"3","3"
"3","2"
"3","2"
"3","3"
"3","9"
"3","2"
"3","3"
"3","2"
"3","3"
"3","3"
"3","9"
"3","13"
"3","3"
"3","3"
"3","3"
"3","2"
"3","3"
"3","2"
"3","9"
"3","3"
"3","1"
"3","3"
"3","2"
"3","3"
"3","2"
"3","2"
"3","9"
"3","8"
"3","9"
"3","9"
"3","9"
"3","0"
"3","2"
"3","3"
"3","3"
"3","13"
"3","13"
"3","2"
"3","2"
"3","3"
"3","8"
"3","9"
"3","3"
"3","8"
"3","3"
"3","3"
"3","18"
"3","8"
"3","8"
"3","8"
"3","2"
"3","13"
"3","13"
"3","8"
"3","2"
"3","3"
"3","9"
"3","2"
"3","8"
"3","3"
"3","3"
"3","2"
"3","13"
"3","8"
"3","2"
"3","8"
"3","8"
"3","1"
"3","2"
"3","9"
"3","2"
"3","2"
"3","3"
"3","2"
"3","1"
"3","22"
"3","2"
"3","13"
"3","2"
"3","3"
"3","3"
"3","3"
"3","3"
"3","3"
"3","1"
"3","9"
"3","8"
"3","2"
"3","8"
"3","8"
"3","13"
"3","9"
"3","2"
"3","9"
"3","3"
"3","3"
"3","3"
"3","20"
"3","3"
"3","3"
"3","9"
"3","3"
"3","8"
"3","3"
"3","13"
"3","2"
"3","2"
"3","8"
"3","13"
"3","2"
"3","13"
"3","9"
"3","3"
"3","2"
"3","9"
"3","9"
"3","3"
"3","3"
"3","8"
"3","13"
"3","17"
"3","13"
"3","2"
"3","1"
"3","8"
"3","3"
"3","1"
"3","9"
"3","2"
"3","2"
"3","3"
"3","0"
"3","3"
"3","8"
"3","17"
"3","8"
"3","9"
"3","9"
"3","3"
"3","8"
"3","13"
"3","3"
"3","3"
"3","3"
"3","9"
"3","3"
"3","17"
"3","9"
"3","13"
"3","2"
"3","9"
"3","2"
"3","0"
"3","9"
"3","9"
"3","13"
"3","2"
"3","2"
"3","9"
"3","2"
"3","8"
"3","9"
"3","2"
"3","2"
"3","0"
"3","2"
"3","17"
"3","3"
"3","2"
"3","3"
"3","9"
"3","3"
"3","2"
"3","2"
"3","8"
"3","8"
"3","2"
"3","1"
"3","2"
"3","13"
"3","3"
"3","2"
"3","20"
"3","3"
"3","3"
"3","3"
"3","3"
"3","9"
"3","3"
"3","2"
"3","2"
"3","1"
"3","3"
"3","2"
"3","2"
"3","13"
"3","0"
"3","3"
"3","8"
"3","2"
"3","3"
"3","2"
"3","2"
"3","2"
"3","3"
"3","2"
"3","2"
"3","0"
"3","8"
"3","2"
"3","13"
"3","13"
"3","8"
"3","3"
"3","8"
"3","8"
"3","3"
"3","17"
"3","8"
"3","17"
"3","2"
"3","3"
"3","3"
"3","2"
"3","3"
"3","9"
"3","3"
"3","3"
"3","2"
"3","9"
"3","2"
"3","3"
"3","3"
"3","2"
"3","1"
"3","2"
"3","2"
"3","2"
"3","3"
"3","2"
"3","13"
"3","2"
"3","3"
"3","9"
"3","2"
"3","9"
"3","2"
"3","3"
"3","3"
"3","3"
"3","3"
"3","2"
"3","3"
"3","2"
"3","1"
"3","13"
"3","3"
"3","3"
"3","2"
"3","2"
"3","9"
"3","2"
"3","3"
"3","2"
"3","2"
"3","2"
"3","9"
"3","9"
"3","3"
"3","2"
"3","13"
"3","13"
"3","8"
"3","3"
"3","1"
"3","13"
"3","2"
"3","13"
"3","3"
"3","3"
"3","9"
"3","8"
"3","2"
"3","9"
"3","3"
"3","2"
"3","8"
"3","2"
"3","13"
"3","2"
"3","3"
"3","0"
"3","8"
"3","1"
"3","3"
"3","3"
"3","13"
"3","9"
"3","13"
"3","3"
"3","17"
"3","9"
"3","3"
"3","3"
"3","9"
"3","8"
"3","17"
"3","2"
"3","3"
"3","9"
"3","8"
"3","9"
"3","3"
"3","9"
"3","13"
"3","8"
"3","2"
"3","3"
"3","2"
"3","2"
"3","3"
"3","3"
"3","8"
"3","3"
"3","3"
"3","9"
"3","13"
"3","0"
"3","2"
"3","3"
"3","2"
"3","13"
"3","13"
"3","3"
"3","8"
"3","9"
"3","3"
"3","3"
"3","3"
"3","2"
"3","2"
"3","3"
"3","2"
"3","2"
"3","17"
"3","2"
"3","9"
"3","2"
"3","3"
"3","13"
"3","3"
"3","3"
"3","3"
"3","8"
"3","3"
"3","8"
"3","9"
"3","3"
"3","2"
"3","20"
"3","20"
"3","3"
"3","2"
"3","2"
"3","2"
"3","2"
"3","13"
"3","3"
"3","3"
"3","4"
"3","8"
"3","3"
"3","18"
"3","2"
"3","2"
"3","2"
"3","13"
"3","2"
"3","9"
"3","2"
"3","3"
"3","9"
"3","3"
"3","3"
"3","9"
"3","2"
"3","2"
"3","2"
"3","3"
"3","8"
"3","2"
"3","1"
"3","18"
"3","0"
"3","2"
"3","9"
"3","3"
"3","17"
"3","17"
"3","2"
"3","8"
"3","3"
"3","3"
"3","2"
"3","13"
"3","8"
"3","8"
"3","13"
"3","8"
"3","0"
"3","2"
"3","2"
"3","3"
"3","19"
"3","8"
"3","17"
"3","3"
"3","13"
"3","13"
"3","2"
"3","17"
"3","22"
"3","9"
"3","9"
"3","9"
"3","3"
"3","2"
"3","3"
"3","8"
"3","9"
"3","3"
"3","8"
"3","2"
"3","9"
"3","9"
"3","3"
"3","20"
"3","9"
"3","3"
"3","9"
"3","2"
"3","13"
"3","2"
"3","8"
"3","18"
"3","13"
"3","13"
"3","0"
"3","2"
"3","13"
"3","9"
"3","13"
"3","9"
"3","2"
"3","13"
"3","17"
"3","9"
"3","3"
"3","3"
"3","21"
"3","9"
"3","13"
"3","9"
"3","0"
"3","9"
"3","2"
"3","9"
"3","0"
"3","2"
"3","2"
"3","2"
"3","17"
"3","8"
"3","0"
"3","3"
"3","3"
"3","2"
"3","3"
"3","2"
"3","3"
"3","3"
"3","13"
"3","2"
"3","0"
"3","9"
"3","9"
"3","2"
"3","3"
"3","13"
"3","8"
"3","8"
"3","17"
"3","2"
"3","3"
"3","2"
"3","2"
"3","13"
"3","18"
"3","2"
"3","1"
"3","3"
"3","9"
"3","8"
"3","2"
"3","8"
"3","13"
"3","9"
"3","2"
"3","9"
"3","0"
"3","2"
"3","3"
"3","0"
"3","13"
"3","8"
"3","2"
"3","3"
"3","17"
"3","2"
"3","3"
"3","3"
"3","3"
"3","1"
"3","9"
"3","3"
"3","2"
"3","9"
"3","2"
"3","9"
"3","3"
"3","3"
"3","9"
"3","2"
"3","17"
"3","2"
"3","0"
"3","2"
"3","2"
"3","8"
"3","2"
"3","1"
"3","3"
"3","8"
"3","3"
"3","2"
"3","0"
"3","2"
"3","2"
"3","3"
"3","8"
"3","2"
"3","2"
"3","3"
"3","1"
"3","2"
"3","2"
"3","2"
"3","2"
"3","3"
"3","2"
"3","3"
"3","9"
"3","3"
"3","2"
"3","9"
"3","8"
"3","3"
"3","9"
"3","0"
"3","9"
"3","2"
"3","8"
"3","3"
"3","13"
"3","13"
"3","3"
"3","2"
"3","2"
"3","3"
"3","3"
"3","3"
"3","8"
"3","8"
"3","2"
"3","2"
"3","3"
"3","13"
"3","9"
"3","2"
"3","3"
"3","9"
"3","8"
"3","2"
"3","3"
"3","9"
"3","9"
"3","9"
"3","3"
"3","3"
"3","3"
"3","8"
"3","2"
"3","3"
"3","3"
"3","3"
"3","3"
"3","3"
"3","9"
"3","3"
"3","3"
"3","13"
"3","19"
"3","2"
"3","3"
"3","2"
"3","3"
"3","8"
"3","8"
"3","13"
"3","13"
"3","3"
"3","2"
"3","3"
"3","17"
"3","8"
"3","3"
"3","9"
"3","9"
"3","0"
"3","9"
"3","3"
"3","3"
"3","13"
"3","3"
"3","3"
"3","2"
"3","8"
"3","2"
"3","8"
"3","3"
"3","1"
"3","3"
"3","9"
"3","9"
"3","3"
"3","0"
"3","17"
"3","3"
"3","0"
"3","0"
"3","18"
"3","13"
"3","3"
"3","9"
"3","8"
"3","3"
"3","3"
"3","2"
"3","2"
"3","9"
"3","3"
"3","2"
"3","1"
"3","2"
"3","2"
"3","2"
"3","9"
"3","13"
"3","3"
"3","1"
"3","18"
"3","2"
"3","2"
"3","2"
"3","3"
"3","2"
"3","17"
"3","2"
"3","8"
"3","2"
"3","2"
"3","3"
"3","13"
"3","9"
"3","13"
"3","2"
"3","13"
"3","8"
"3","3"
"3","7"
"3","3"
"3","2"
"3","13"
"3","3"
"3","2"
"3","17"
"3","4"
"3","13"
"3","13"
"3","3"
"3","9"
"3","3"
"3","3"
"3","2"
"3","2"
"3","3"
"3","13"
"3","2"
"3","8"
"3","13"
"3","3"
"3","2"
"3","2"
"3","2"
"3","2"
"3","1"
"3","13"
"3","3"
"3","3"
"3","3"
"3","2"
"3","2"
"3","9"
"3","17"
"3","9"
"3","18"
"3","3"
"3","9"
"3","9"
"3","2"
"3","3"
"3","3"
"3","2"
"3","13"
"3","2"
"3","8"
"3","1"
"3","1"
"3","8"
"3","13"
"3","2"
"3","3"
"3","9"
"3","2"
"3","2"
"3","9"
"3","3"
"3","8"
"3","3"
"3","20"
"3","0"
"3","9"
"3","2"
"3","13"
"3","4"
"3","0"
"3","3"
"3","2"
"3","3"
"3","3"
"3","2"
"3","3"
"3","3"
"3","9"
"3","2"
"3","2"
"3","9"
"3","9"
"3","8"
"3","9"
"3","9"
"3","18"
"3","3"
"3","9"
"3","3"
"3","2"
"3","13"
"3","2"
"3","3"
"3","8"
"3","8"
"3","3"
"3","0"
"3","3"
"3","3"
"3","21"
"3","3"
"3","0"
"3","3"
"3","3"
"3","1"
"3","2"
"3","2"
"3","9"
"3","8"
"3","9"
"3","3"
"3","2"
"3","9"
"3","13"
"3","13"
"3","9"
"3","0"
"3","0"
"3","2"
"3","2"
"3","2"
"3","3"
"3","17"
"3","3"
"3","13"
"3","13"
"3","3"
"3","17"
"3","9"
"3","9"
"3","3"
"3","20"
"3","3"
"3","2"
"3","8"
"3","2"
"3","3"
"3","4"
"3","8"
"3","17"
"3","20"
"3","3"
"3","17"
"3","3"
"3","3"
"3","22"
"3","9"
"3","3"
"3","3"
"3","2"
"3","9"
"3","8"
"3","2"
"3","3"
"3","9"
"3","17"
"3","2"
"3","3"
"3","9"
"3","3"
"3","3"
"3","9"
"3","17"
"3","3"
"3","17"
"3","2"
"3","2"
"3","0"
"3","2"
"3","2"
"3","8"
"3","2"
"3","9"
"3","2"
"3","13"
"3","2"
"3","2"
"3","2"
"3","9"
"3","2"
"3","9"
"3","8"
"3","20"
"3","8"
"3","3"
"3","3"
"3","21"
"3","9"
"3","2"
"3","8"
"3","0"
"3","2"
"3","2"
"3","3"
"3","3"
"3","3"
"3","2"
"3","9"
"3","9"
"3","17"
"3","18"
"3","2"
"3","2"
"3","3"
"3","2"
"3","3"
"3","8"
"3","9"
"3","2"
"3","3"
"3","3"
"3","9"
"3","9"
"3","2"
"3","3"
"3","2"
"3","3"
"3","9"
"3","13"
"3","2"
"3","17"
"3","9"
"3","2"
"3","2"
"3","20"
"3","3"
"3","0"
"3","3"
"3","3"
"3","2"
"3","2"
"3","3"
"3","8"
"3","0"
"3","2"
"3","3"
"3","9"
"3","0"
"3","2"
"3","20"
"3","3"
"3","13"
"3","3"
"3","2"
"3","8"
"3","4"
"3","1"
"3","2"
"3","9"
"3","9"
"3","3"
"3","3"
"3","0"
"3","2"
"3","17"
"3","13"
"3","1"
"3","8"
"3","2"
"3","1"
"3","2"
"3","2"
"3","3"
"3","9"
"3","2"
"3","2"
"3","8"
"3","2"
"3","17"
"3","13"
"3","3"
"3","20"
"3","9"
"3","3"
"3","13"
"3","9"
"3","13"
"3","2"
"3","4"
"3","18"
"3","3"
"3","13"
"3","9"
"3","2"
"3","9"
"3","13"
"3","9"
"3","3"
"3","3"
"3","3"
"3","8"
"3","2"
"3","2"
"3","8"
"3","3"
"3","3"
"3","9"
"3","2"
"3","3"
"3","17"
"3","3"
"3","2"
"3","8"
"3","3"
"3","9"
"3","2"
"3","2"
"3","2"
"3","3"
"3","8"
"3","3"
"3","8"
"3","2"
"3","2"
"3","18"
"3","9"
"3","9"
"3","2"
"3","3"
"3","8"
"3","3"
"3","2"
"3","13"
"3","8"
"3","18"
"3","9"
"3","3"
"3","3"
"3","8"
"3","2"
"3","3"
"3","3"
"3","3"
"3","9"
"3","9"
"3","2"
"3","9"
"3","17"
"3","3"
"3","2"
"3","17"
"3","2"
"3","0"
"3","8"
"3","1"
"3","22"
"3","3"
"3","13"
"3","9"
"3","9"
"3","8"
"3","2"
"3","13"
"3","3"
"3","3"
"3","3"
"3","1"
"3","13"
"3","3"
"3","9"
"3","3"
"3","8"
"3","2"
"3","8"
"3","20"
"3","1"
"3","9"
"3","2"
"3","9"
"3","0"
"3","2"
"3","9"
"3","2"
"3","9"
"3","21"
"3","3"
"3","9"
"3","3"
"3","9"
"3","2"
"3","13"
"3","2"
"3","9"
"3","3"
"3","2"
"3","8"
"3","3"
"3","22"
"3","8"
"3","17"
"3","9"
"3","2"
"3","3"
"3","3"
"3","3"
"3","2"
"3","2"
"3","8"
"3","2"
"3","3"
"3","8"
"3","1"
"3","17"
"3","8"
"3","2"
"3","9"
"3","3"
"3","3"
"3","2"
"3","2"
"3","8"
"3","0"
"3","9"
"3","3"
"3","3"
"3","1"
"3","3"
"3","2"
"3","9"
"3","2"
"3","2"
"3","17"
"3","1"
"3","13"
"3","20"
"3","1"
"3","13"
"3","8"
"3","13"
"3","8"
"3","3"
"3","2"
"3","13"
"3","1"
"3","2"
"3","9"
"3","2"
"3","2"
"3","20"
"3","9"
"3","13"
"3","2"
"3","18"
"3","13"
"3","9"
"3","2"
"3","0"
"3","9"
"3","13"
"3","13"
"3","3"
"3","2"
"3","9"
"3","2"
"3","9"
"3","2"
"3","3"
"3","3"
"3","13"
"3","9"
"3","8"
"3","3"
"3","1"
"3","2"
"3","3"
"3","3"
"3","8"
"3","3"
"3","13"
"3","13"
"3","1"
"3","2"
"3","2"
"3","2"
"3","9"
"3","0"
"3","3"
"3","3"
"3","13"
"3","2"
"3","18"
"3","3"
"3","8"
"3","13"
"3","17"
"3","2"
"3","9"
"3","8"
"3","13"
"3","17"
"3","13"
"3","2"
"3","2"
"3","21"
"3","2"
"3","0"
"3","18"
"3","13"
"3","17"
"3","2"
"3","8"
"3","13"
"3","9"
"3","2"
"3","3"
"3","18"
"3","2"
"3","2"
"3","13"
"3","2"
"3","3"
"3","2"
"3","0"
"3","13"
"3","2"
"3","2"
"3","3"
"3","1"
"3","9"
"3","3"
"3","8"
"3","9"
"3","17"
"3","13"
"3","2"
"3","9"
"3","3"
"3","9"
"3","9"
"3","3"
"3","3"
"3","9"
"3","3"
"3","9"
"3","3"
"3","17"
"3","3"
"3","1"
"3","3"
"3","0"
"3","2"
"3","8"
"3","2"
"3","8"
"3","9"
"3","2"
"3","24"
"3","3"
"3","2"
"3","3"
"3","2"
"3","2"
"3","3"
"3","9"
"3","3"
"3","8"
"3","3"
"3","13"
"3","0"
"3","3"
"3","2"
"3","9"
"3","13"
"3","3"
"3","8"
"3","8"
"3","2"
"3","13"
"3","3"
"3","3"
"3","2"
"3","9"
"3","2"
"3","2"
"3","2"
"3","9"
"3","8"
"3","8"
"3","9"
"3","17"
"3","22"
"3","18"
"3","1"
"3","18"
"3","21"
"3","9"
"3","3"
"3","13"
"3","0"
"3","3"
"3","17"
"3","13"
"3","2"
"3","2"
"3","3"
"3","3"
"3","22"
"3","8"
"3","17"
"3","2"
"3","2"
"3","13"
"3","8"
"3","9"
"3","2"
"3","9"
"3","8"
"3","2"
"3","2"
"3","2"
"3","17"
"3","13"
"3","17"
"3","13"
"3","13"
"3","13"
"3","9"
"3","9"
"3","13"
"3","9"
"3","3"
"3","3"
"3","13"
"3","13"
"3","8"
"3","2"
"3","2"
"3","9"
"3","2"
"3","13"
"3","13"
"3","0"
"3","13"
"3","2"
"3","13"
"3","2"
"3","9"
"3","9"
"3","20"
"3","8"
"3","9"
"3","2"
"3","2"
"3","3"
"3","8"
"3","3"
"3","2"
"3","17"
"3","9"
"3","13"
"3","8"
"3","9"
"3","9"
"3","2"
"3","22"
"3","2"
"3","9"
"3","2"
"3","2"
"3","8"
"3","8"
"3","0"
"3","13"
"3","3"
"3","2"
"3","9"
"3","13"
"3","3"
"3","8"
"3","2"
"3","2"
"3","20"
"3","8"
"3","2"
"3","2"
"3","3"
"3","2"
"3","9"
"3","9"
"3","2"
"3","1"
"3","2"
"3","13"
"3","2"
"3","3"
"3","2"
"3","2"
"3","2"
"3","13"
"3","13"
"3","2"
"3","1"
"3","8"
"3","2"
"3","8"
"3","8"
"3","3"
"3","3"
"3","3"
"3","1"
"3","9"
"3","4"
"3","9"
"3","3"
"3","2"
"3","8"
"3","9"
"3","3"
"3","3"
"3","2"
"3","2"
"3","13"
"3","3"
"3","13"
"3","2"
"3","3"
"3","8"
"3","9"
"3","2"
"3","2"
"3","3"
"3","8"
"3","2"
"3","2"
"3","8"
"3","3"
"3","2"
"3","2"
"3","2"
"3","8"
"3","8"
"3","20"
"3","3"
"3","2"
"3","13"
"3","2"
"3","2"
"3","3"
"3","3"
"3","13"
"3","2"
"3","2"
"3","2"
"3","2"
"3","3"
"3","2"
"3","2"
"3","9"
"3","2"
"3","8"
"3","2"
"3","0"
"3","2"
"3","3"
"3","17"
"3","2"
"3","3"
"3","13"
"3","9"
"3","9"
"3","2"
"3","2"
"3","8"
"3","22"
"3","0"
"3","3"
"3","2"
"3","3"
"3","13"
"3","2"
"3","3"
"3","8"
"3","3"
"3","9"
"3","2"
"3","9"
"3","8"
"3","2"
"3","3"
"3","9"
"3","9"
"3","9"
"3","3"
"3","13"
"3","8"
"3","2"
"3","9"
"3","9"
"3","2"
"3","2"
"3","2"
"3","8"
"3","2"
"3","3"
"3","13"
"3","3"
"3","8"
"3","2"
"3","3"
"3","3"
"3","8"
"3","9"
"3","9"
"3","3"
"3","2"
"3","13"
"3","13"
"3","2"
"3","13"
"3","2"
"3","3"
"3","17"
"3","17"
"3","3"
"3","3"
"3","1"
"3","3"
"3","2"
"3","3"
"3","2"
"3","9"
"3","3"
"3","17"
"3","8"
"3","13"
"3","1"
"3","3"
"3","13"
"3","1"
"3","2"
"3","2"
"3","2"
"3","3"
"3","4"
"3","18"
"3","9"
"3","1"
"3","21"
"3","2"
"3","3"
"3","13"
"3","2"
"3","8"
"3","3"
"3","2"
"3","3"
"3","13"
"3","9"
"3","3"
"3","9"
"3","8"
"3","17"
"3","3"
"3","8"
"3","8"
"3","1"
"3","13"
"3","9"
"3","2"
"3","2"
"3","3"
"3","8"
"3","2"
"3","8"
"3","13"
"3","2"
"3","3"
"3","3"
"3","2"
"3","2"
"3","13"
"3","2"
"3","3"
"3","9"
"3","8"
"3","3"
"3","2"
"3","3"
"3","3"
"3","2"
"3","20"
"3","9"
"3","13"
"3","3"
"3","18"
"3","2"
"3","2"
"3","13"
"3","2"
"3","3"
"3","17"
"3","9"
"3","17"
"3","9"
"3","2"
"3","3"
"3","3"
"3","2"
"3","2"
"3","2"
"3","8"
"3","2"
"3","13"
"3","3"
"3","17"
"3","17"
"3","3"
"3","2"
"3","3"
"3","2"
"3","17"
"3","17"
"3","3"
"3","3"
"3","9"
"3","0"
"3","8"
"3","13"
"3","2"
"3","3"
"3","9"
"3","3"
"3","3"
